,trial_id,trial_status,completion_date,secondary_ids
0,IRCT20190809044488N1,Recruitment complete,,"<div class=""section"">
<h3 id=""trial-secondary_id"">Secondary Ids</h3>
<div class=""section-inner"">
<div class=""empty-section"">
		empty	</div>
</div>
</div>"
1,IRCT20200310046736N1,Not yet recruiting,,"<div class=""section"">
<h3 id=""trial-secondary_id"">Secondary Ids</h3>
<div class=""section-inner"">
<div class=""empty-section"">
		empty	</div>
</div>
</div>"
2,IRCT20100228003449N30,Recruitment complete,,"<div class=""section"">
<h3 id=""trial-secondary_id"">Secondary Ids</h3>
<div class=""section-inner"">
<div class=""empty-section"">
		empty	</div>
</div>
</div>"
3,IRCT20100228003449N28,Recruitment complete,,"<div class=""section"">
<h3 id=""trial-secondary_id"">Secondary Ids</h3>
<div class=""section-inner"">
<div class=""empty-section"">
		empty	</div>
</div>
</div>"
4,IRCT20100228003449N27,Recruitment complete,,"<div class=""section"">
<h3 id=""trial-secondary_id"">Secondary Ids</h3>
<div class=""section-inner"">
<div class=""empty-section"">
		empty	</div>
</div>
</div>"
5,IRCT20200316046792N1,Recruitment complete,,"<div class=""section"">
<h3 id=""trial-secondary_id"">Secondary Ids</h3>
<div class=""section-inner"">
<div class=""empty-section"">
		empty	</div>
</div>
</div>"
6,IRCT20151227025726N12,Recruitment complete,,"<div class=""section"">
<h3 id=""trial-secondary_id"">Secondary Ids</h3>
<div class=""section-inner"">
<div class=""empty-section"">
		empty	</div>
</div>
</div>"
7,IRCT20100228003449N29,Recruitment complete,,"<div class=""section"">
<h3 id=""trial-secondary_id"">Secondary Ids</h3>
<div class=""section-inner"">
<div class=""empty-section"">
		empty	</div>
</div>
</div>"
8,IRCT20200317046797N1,Recruitment complete,,"<div class=""section"">
<h3 id=""trial-secondary_id"">Secondary Ids</h3>
<div class=""section-inner"">
<div class=""empty-section"">
		empty	</div>
</div>
</div>"
9,IRCT20160625028622N1,Recruitment complete,,"<div class=""section"">
<h3 id=""trial-secondary_id"">Secondary Ids</h3>
<div class=""section-inner"">
<div class=""empty-section"">
		empty	</div>
</div>
</div>"
10,IRCT20120826010664N6,Recruitment complete,,"<div class=""section"">
<h3 id=""trial-secondary_id"">Secondary Ids</h3>
<div class=""section-inner"">
<div class=""empty-section"">
		empty	</div>
</div>
</div>"
11,IRCT20131113015393N6,Recruitment complete,,"<div class=""section"">
<h3 id=""trial-secondary_id"">Secondary Ids</h3>
<div class=""section-inner"">
<div class=""empty-section"">
		empty	</div>
</div>
</div>"
12,IRCT20140528017891N8,Recruitment complete,,"<div class=""section"">
<h3 id=""trial-secondary_id"">Secondary Ids</h3>
<div class=""section-inner"">
<div class=""empty-section"">
		empty	</div>
</div>
</div>"
13,IRCT20200321046828N1,Recruitment complete,,"<div class=""section"">
<h3 id=""trial-secondary_id"">Secondary Ids</h3>
<div class=""section-inner"">
<div class=""empty-section"">
		empty	</div>
</div>
</div>"
14,IRCT20190727044343N1,Recruitment complete,09/04/2020,"<div class=""section"">
<h3 id=""trial-secondary_id"">Secondary Ids</h3>
<div class=""section-inner"">
<div class=""empty-section"">
		empty	</div>
</div>
</div>"
15,IRCT20140617018126N2,Recruitment complete,,"<div class=""section"">
<h3 id=""trial-secondary_id"">Secondary Ids</h3>
<div class=""section-inner"">
<div class=""empty-section"">
		empty	</div>
</div>
</div>"
16,IRCT20150914024017N1,recruiting,,"<div class=""section"">
<h3 id=""trial-secondary_id"">Secondary Ids</h3>
<div class=""section-inner"">
<div class=""empty-section"">
		empty	</div>
</div>
</div>"
17,IRCT20140911019125N6,Recruitment complete,,"<div class=""section"">
<h3 id=""trial-secondary_id"">Secondary Ids</h3>
<div class=""section-inner"">
<div class=""empty-section"">
		empty	</div>
</div>
</div>"
18,IRCT20160316027081N1,Recruitment complete,,"<div class=""section"">
<h3 id=""trial-secondary_id"">Secondary Ids</h3>
<div class=""section-inner"">
<div class=""empty-section"">
		empty	</div>
</div>
</div>"
19,IRCT20151227025726N13,Recruitment complete,,"<div class=""section"">
<h3 id=""trial-secondary_id"">Secondary Ids</h3>
<div class=""section-inner"">
<div class=""empty-section"">
		empty	</div>
</div>
</div>"
20,IRCT20160310026998N11,Recruitment complete,,"<div class=""section"">
<h3 id=""trial-secondary_id"">Secondary Ids</h3>
<div class=""section-inner"">
<div class=""empty-section"">
		empty	</div>
</div>
</div>"
21,IRCT20160310026998N10,Recruitment complete,,"<div class=""section"">
<h3 id=""trial-secondary_id"">Secondary Ids</h3>
<div class=""section-inner"">
<div class=""empty-section"">
		empty	</div>
</div>
</div>"
22,IRCT20180610040049N3,Recruitment complete,,"<div class=""section"">
<h3 id=""trial-secondary_id"">Secondary Ids</h3>
<div class=""section-inner"">
<div class=""empty-section"">
		empty	</div>
</div>
</div>"
23,IRCT20200324046851N1,Recruitment complete,,"<div class=""section"">
<h3 id=""trial-secondary_id"">Secondary Ids</h3>
<div class=""section-inner"">
<div class=""empty-section"">
		empty	</div>
</div>
</div>"
24,IRCT20200324046847N1,Recruitment complete,,"<div class=""section"">
<h3 id=""trial-secondary_id"">Secondary Ids</h3>
<div class=""section-inner"">
<div class=""empty-section"">
		empty	</div>
</div>
</div>"
25,IRCT20140907019073N4,Recruitment complete,,"<div class=""section"">
<h3 id=""trial-secondary_id"">Secondary Ids</h3>
<div class=""section-inner"">
<div class=""empty-section"">
		empty	</div>
</div>
</div>"
26,IRCT20200325046860N1,Recruitment complete,,"<div class=""section"">
<h3 id=""trial-secondary_id"">Secondary Ids</h3>
<div class=""section-inner"">
<div class=""empty-section"">
		empty	</div>
</div>
</div>"
27,IRCT20101219005416N2,Recruitment complete,,"<div class=""section"">
<h3 id=""trial-secondary_id"">Secondary Ids</h3>
<div class=""section-inner"">
<div class=""empty-section"">
		empty	</div>
</div>
</div>"
28,IRCT20200317046797N2,Recruitment complete,,"<div class=""section"">
<h3 id=""trial-secondary_id"">Secondary Ids</h3>
<div class=""section-inner"">
<div class=""empty-section"">
		empty	</div>
</div>
</div>"
29,IRCT20200325046860N2,Recruitment complete,29/04/2020,"<div class=""section"">
<h3 id=""trial-secondary_id"">Secondary Ids</h3>
<div class=""section-inner"">
<div class=""empty-section"">
		empty	</div>
</div>
</div>"
30,IRCT20170611034452N11,Recruitment complete,,"<div class=""section"">
<h3 id=""trial-secondary_id"">Secondary Ids</h3>
<div class=""section-inner"">
<div class=""empty-section"">
		empty	</div>
</div>
</div>"
31,IRCT20190917044805N2,Recruitment complete,,"<div class=""section"">
<h3 id=""trial-secondary_id"">Secondary Ids</h3>
<div class=""section-inner"">
<div class=""empty-section"">
		empty	</div>
</div>
</div>"
32,IRCT20120225009124N4,Recruitment complete,,"<div class=""section"">
<h3 id=""trial-secondary_id"">Secondary Ids</h3>
<div class=""section-inner"">
<div class=""empty-section"">
		empty	</div>
</div>
</div>"
33,IRCT20180802040678N4,Recruitment complete,,"<div class=""section"">
<h3 id=""trial-secondary_id"">Secondary Ids</h3>
<div class=""section-inner"">
<div class=""empty-section"">
		empty	</div>
</div>
</div>"
34,IRCT20150704023055N2,Recruitment complete,,"<div class=""section"">
<h3 id=""trial-secondary_id"">Secondary Ids</h3>
<div class=""section-inner"">
<div class=""empty-section"">
		empty	</div>
</div>
</div>"
35,IRCT20200319046819N1,Recruitment complete,,"<div class=""section"">
<h3 id=""trial-secondary_id"">Secondary Ids</h3>
<div class=""section-inner"">
<div class=""empty-section"">
		empty	</div>
</div>
</div>"
36,IRCT20200314046764N1,Recruitment complete,,"<div class=""section"">
<h3 id=""trial-secondary_id"">Secondary Ids</h3>
<div class=""section-inner"">
<div class=""empty-section"">
		empty	</div>
</div>
</div>"
37,IRCT20150303021315N17,Recruitment complete,,"<div class=""section"">
<h3 id=""trial-secondary_id"">Secondary Ids</h3>
<div class=""section-inner"">
<div class=""empty-section"">
		empty	</div>
</div>
</div>"
38,IRCT20200312046749N1,Recruitment complete,,"<div class=""section"">
<h3 id=""trial-secondary_id"">Secondary Ids</h3>
<div class=""section-inner"">
<div class=""empty-section"">
		empty	</div>
</div>
</div>"
39,IRCT20190727044343N2,Recruitment complete,,"<div class=""section"">
<h3 id=""trial-secondary_id"">Secondary Ids</h3>
<div class=""section-inner"">
<div class=""empty-section"">
		empty	</div>
</div>
</div>"
40,IRCT20171122037571N2,Recruitment complete,,"<div class=""section"">
<h3 id=""trial-secondary_id"">Secondary Ids</h3>
<div class=""section-inner"">
<div class=""empty-section"">
		empty	</div>
</div>
</div>"
41,IRCT20200324046850N2,Recruitment complete,,"<div class=""section"">
<h3 id=""trial-secondary_id"">Secondary Ids</h3>
<div class=""section-inner"">
<div class=""empty-section"">
		empty	</div>
</div>
</div>"
42,IRCT20200323046841N1,Recruitment complete,,"<div class=""section"">
<h3 id=""trial-secondary_id"">Secondary Ids</h3>
<div class=""section-inner"">
<div class=""empty-section"">
		empty	</div>
</div>
</div>"
43,IRCT20200322046833N1,Recruitment complete,,"<div class=""section"">
<h3 id=""trial-secondary_id"">Secondary Ids</h3>
<div class=""section-inner"">
<div class=""empty-section"">
		empty	</div>
</div>
</div>"
44,IRCT20190804044429N1,Recruitment complete,,"<div class=""section"">
<h3 id=""trial-secondary_id"">Secondary Ids</h3>
<div class=""section-inner"">
<div class=""empty-section"">
		empty	</div>
</div>
</div>"
45,IRCT20160313027033N2,Recruitment complete,,"<div class=""section"">
<h3 id=""trial-secondary_id"">Secondary Ids</h3>
<div class=""section-inner"">
<div class=""empty-section"">
		empty	</div>
</div>
</div>"
46,IRCT20200204046369N1,Recruitment complete,15/11/2020,"<div class=""section"">
<h3 id=""trial-secondary_id"">Secondary Ids</h3>
<div class=""section-inner"">
<div class=""empty-section"">
		empty	</div>
</div>
</div>"
47,IRCT20180712040449N2,Recruitment complete,,"<div class=""section"">
<h3 id=""trial-secondary_id"">Secondary Ids</h3>
<div class=""section-inner"">
<div class=""empty-section"">
		empty	</div>
</div>
</div>"
48,IRCT20130812014333N145,Recruitment complete,,"<div class=""section"">
<h3 id=""trial-secondary_id"">Secondary Ids</h3>
<div class=""section-inner"">
<div class=""empty-section"">
		empty	</div>
</div>
</div>"
49,IRCT20200325046859N1,Recruitment complete,,"<div class=""section"">
<h3 id=""trial-secondary_id"">Secondary Ids</h3>
<div class=""section-inner"">
<div class=""empty-section"">
		empty	</div>
</div>
</div>"
50,IRCT20161204031229N3,Recruitment complete,,"<div class=""section"">
<h3 id=""trial-secondary_id"">Secondary Ids</h3>
<div class=""section-inner"">
<div class=""empty-section"">
		empty	</div>
</div>
</div>"
51,IRCT20130917014693N10,Recruitment complete,,"<div class=""section"">
<h3 id=""trial-secondary_id"">Secondary Ids</h3>
<div class=""section-inner"">
<div class=""empty-section"">
		empty	</div>
</div>
</div>"
52,IRCT20180610040049N4,Recruitment complete,,"<div class=""section"">
<h3 id=""trial-secondary_id"">Secondary Ids</h3>
<div class=""section-inner"">
<div class=""empty-section"">
		empty	</div>
</div>
</div>"
53,IRCT20130812014333N147,Recruitment complete,,"<div class=""section"">
<h3 id=""trial-secondary_id"">Secondary Ids</h3>
<div class=""section-inner"">
<div class=""empty-section"">
		empty	</div>
</div>
</div>"
54,IRCT20081019001369N2,Recruitment complete,,"<div class=""section"">
<h3 id=""trial-secondary_id"">Secondary Ids</h3>
<div class=""section-inner"">
<div class=""empty-section"">
		empty	</div>
</div>
</div>"
55,IRCT20200402046923N1,Recruitment complete,,"<div class=""section"">
<h3 id=""trial-secondary_id"">Secondary Ids</h3>
<div class=""section-inner"">
<div class=""empty-section"">
		empty	</div>
</div>
</div>"
56,IRCT20200328046886N1,Recruitment complete,04/05/2020,"<div class=""section"">
<h3 id=""trial-secondary_id"">Secondary Ids</h3>
<div class=""section-inner"">
<div class=""empty-section"">
		empty	</div>
</div>
</div>"
57,IRCT20131215015805N2,Recruitment complete,,"<div class=""section"">
<h3 id=""trial-secondary_id"">Secondary Ids</h3>
<div class=""section-inner"">
<div class=""empty-section"">
		empty	</div>
</div>
</div>"
58,IRCT20200404046933N1,Recruitment complete,,"<div class=""section"">
<h3 id=""trial-secondary_id"">Secondary Ids</h3>
<div class=""section-inner"">
<div class=""empty-section"">
		empty	</div>
</div>
</div>"
59,IRCT20200404046937N1,Recruitment complete,,"<div class=""section"">
<h3 id=""trial-secondary_id"">Secondary Ids</h3>
<div class=""section-inner"">
<div class=""empty-section"">
		empty	</div>
</div>
</div>"
60,IRCT20080901001157N16,Recruitment complete,,"<div class=""section"">
<h3 id=""trial-secondary_id"">Secondary Ids</h3>
<div class=""section-inner"">
<div class=""empty-section"">
		empty	</div>
</div>
</div>"
61,IRCT20200404046934N1,Recruitment complete,,"<div class=""section"">
<h3 id=""trial-secondary_id"">Secondary Ids</h3>
<div class=""section-inner"">
<div class=""empty-section"">
		empty	</div>
</div>
</div>"
62,IRCT20200403046926N1,Recruitment complete,,"<div class=""section"">
<h3 id=""trial-secondary_id"">Secondary Ids</h3>
<div class=""section-inner"">
<div class=""empty-section"">
		empty	</div>
</div>
</div>"
63,IRCT20151228025732N53,Recruitment complete,,"<div class=""section"">
<h3 id=""trial-secondary_id"">Secondary Ids</h3>
<div class=""section-inner"">
<div class=""empty-section"">
		empty	</div>
</div>
</div>"
64,IRCT20130306012728N8,,,
65,IRCT20180429039463N2,Recruitment complete,,"<div class=""section"">
<h3 id=""trial-secondary_id"">Secondary Ids</h3>
<div class=""section-inner"">
<div class=""empty-section"">
		empty	</div>
</div>
</div>"
66,IRCT20200404046935N1,Recruitment complete,,"<div class=""section"">
<h3 id=""trial-secondary_id"">Secondary Ids</h3>
<div class=""section-inner"">
<div class=""empty-section"">
		empty	</div>
</div>
</div>"
67,IRCT20151227025726N14,Recruitment complete,,"<div class=""section"">
<h3 id=""trial-secondary_id"">Secondary Ids</h3>
<div class=""section-inner"">
<div class=""empty-section"">
		empty	</div>
</div>
</div>"
68,IRCT20200405046958N1,Recruitment complete,,"<div class=""section"">
<h3 id=""trial-secondary_id"">Secondary Ids</h3>
<div class=""section-inner"">
<div class=""empty-section"">
		empty	</div>
</div>
</div>"
69,IRCT20200406046965N1,Recruitment complete,,"<div class=""section"">
<h3 id=""trial-secondary_id"">Secondary Ids</h3>
<div class=""section-inner"">
<div class=""empty-section"">
		empty	</div>
</div>
</div>"
70,IRCT20200405046960N1,Recruitment complete,,"<div class=""section"">
<h3 id=""trial-secondary_id"">Secondary Ids</h3>
<div class=""section-inner"">
<div class=""empty-section"">
		empty	</div>
</div>
</div>"
71,IRCT20200318046812N2,recruiting,,"<div class=""section"">
<h3 id=""trial-secondary_id"">Secondary Ids</h3>
<div class=""section-inner"">
<div class=""empty-section"">
		empty	</div>
</div>
</div>"
72,IRCT20200317046797N4,Recruitment complete,,"<div class=""section"">
<h3 id=""trial-secondary_id"">Secondary Ids</h3>
<div class=""section-inner"">
<div class=""empty-section"">
		empty	</div>
</div>
</div>"
73,IRCT20200404046948N1,Recruitment complete,,"<div class=""section"">
<h3 id=""trial-secondary_id"">Secondary Ids</h3>
<div class=""section-inner"">
<div class=""empty-section"">
		empty	</div>
</div>
</div>"
74,IRCT20180520039738N2,Recruitment complete,,"<div class=""section"">
<h3 id=""trial-secondary_id"">Secondary Ids</h3>
<div class=""section-inner"">
<div class=""empty-section"">
		empty	</div>
</div>
</div>"
75,IRCT20081019001369N4,Recruitment complete,,"<div class=""section"">
<h3 id=""trial-secondary_id"">Secondary Ids</h3>
<div class=""section-inner"">
<div class=""empty-section"">
		empty	</div>
</div>
</div>"
76,IRCT20081019001369N3,Recruitment complete,,"<div class=""section"">
<h3 id=""trial-secondary_id"">Secondary Ids</h3>
<div class=""section-inner"">
<div class=""empty-section"">
		empty	</div>
</div>
</div>"
77,IRCT20200408046992N1,Recruitment complete,,"<div class=""section"">
<h3 id=""trial-secondary_id"">Secondary Ids</h3>
<div class=""section-inner"">
<div class=""empty-section"">
		empty	</div>
</div>
</div>"
78,IRCT20180129038542N1,Recruitment complete,13/04/2020,"<div class=""section"">
<h3 id=""trial-secondary_id"">Secondary Ids</h3>
<div class=""section-inner"">
<div class=""empty-section"">
		empty	</div>
</div>
</div>"
79,IRCT20200317046797N3,Recruitment complete,,"<div class=""section"">
<h3 id=""trial-secondary_id"">Secondary Ids</h3>
<div class=""section-inner"">
<div class=""empty-section"">
		empty	</div>
</div>
</div>"
80,IRCT20200317046797N5,Recruitment complete,,"<div class=""section"">
<h3 id=""trial-secondary_id"">Secondary Ids</h3>
<div class=""section-inner"">
<div class=""empty-section"">
		empty	</div>
</div>
</div>"
81,IRCT20180923041093N5,Recruitment complete,,"<div class=""section"">
<h3 id=""trial-secondary_id"">Secondary Ids</h3>
<div class=""section-inner"">
<div class=""empty-section"">
		empty	</div>
</div>
</div>"
82,IRCT20200406046968N1,Recruitment complete,,"<div class=""section"">
<h3 id=""trial-secondary_id"">Secondary Ids</h3>
<div class=""section-inner"">
<div class=""empty-section"">
		empty	</div>
</div>
</div>"
83,IRCT20150808023559N20,Recruitment complete,,"<div class=""section"">
<h3 id=""trial-secondary_id"">Secondary Ids</h3>
<div class=""section-inner"">
<div class=""empty-section"">
		empty	</div>
</div>
</div>"
84,IRCT20130616013690N7,Recruitment complete,,"<div class=""section"">
<h3 id=""trial-secondary_id"">Secondary Ids</h3>
<div class=""section-inner"">
<div class=""empty-section"">
		empty	</div>
</div>
</div>"
85,IRCT20200410047009N1,Recruitment complete,,"<div class=""section"">
<h3 id=""trial-secondary_id"">Secondary Ids</h3>
<div class=""section-inner"">
<div class=""empty-section"">
		empty	</div>
</div>
</div>"
86,IRCT20200408046990N1,Recruitment complete,,"<div class=""section"">
<h3 id=""trial-secondary_id"">Secondary Ids</h3>
<div class=""section-inner"">
<div class=""empty-section"">
		empty	</div>
</div>
</div>"
87,IRCT20200411047025N1,Recruitment complete,,"<div class=""section"">
<h3 id=""trial-secondary_id"">Secondary Ids</h3>
<div class=""section-inner"">
<div class=""empty-section"">
		empty	</div>
</div>
</div>"
88,IRCT20080901001165N46,Recruitment complete,,"<div class=""section"">
<h3 id=""trial-secondary_id"">Secondary Ids</h3>
<div class=""section-inner"">
<div class=""empty-section"">
		empty	</div>
</div>
</div>"
89,IRCT20200406046963N1,Recruitment complete,,"<div class=""section"">
<h3 id=""trial-secondary_id"">Secondary Ids</h3>
<div class=""section-inner"">
<div class=""empty-section"">
		empty	</div>
</div>
</div>"
90,IRCT20190122042450N4,Recruitment complete,,"<div class=""section"">
<h3 id=""trial-secondary_id"">Secondary Ids</h3>
<div class=""section-inner"">
<div class=""empty-section"">
		empty	</div>
</div>
</div>"
91,IRCT20200411047030N1,Recruitment complete,,"<div class=""section"">
<h3 id=""trial-secondary_id"">Secondary Ids</h3>
<div class=""section-inner"">
<div class=""empty-section"">
		empty	</div>
</div>
</div>"
92,IRCT20200406046968N2,Recruitment complete,,"<div class=""section"">
<h3 id=""trial-secondary_id"">Secondary Ids</h3>
<div class=""section-inner"">
<div class=""empty-section"">
		empty	</div>
</div>
</div>"
93,IRCT20170207032444N3,Recruitment complete,,"<div class=""section"">
<h3 id=""trial-secondary_id"">Secondary Ids</h3>
<div class=""section-inner"">
<div class=""empty-section"">
		empty	</div>
</div>
</div>"
94,IRCT20200413047053N1,Recruitment complete,,"<div class=""section"">
<h3 id=""trial-secondary_id"">Secondary Ids</h3>
<div class=""section-inner"">
<div class=""empty-section"">
		empty	</div>
</div>
</div>"
95,IRCT20081019001369N5,Recruitment complete,,"<div class=""section"">
<h3 id=""trial-secondary_id"">Secondary Ids</h3>
<div class=""section-inner"">
<div class=""empty-section"">
		empty	</div>
</div>
</div>"
96,IRCT20200408046988N1,Recruitment complete,,"<div class=""section"">
<h3 id=""trial-secondary_id"">Secondary Ids</h3>
<div class=""section-inner"">
<div class=""empty-section"">
		empty	</div>
</div>
</div>"
97,IRCT20200413047062N1,Recruitment complete,,"<div class=""section"">
<h3 id=""trial-secondary_id"">Secondary Ids</h3>
<div class=""section-inner"">
<div class=""empty-section"">
		empty	</div>
</div>
</div>"
98,IRCT20191125045492N2,Recruitment complete,,"<div class=""section"">
<h3 id=""trial-secondary_id"">Secondary Ids</h3>
<div class=""section-inner"">
<div class=""empty-section"">
		empty	</div>
</div>
</div>"
99,IRCT20200406046968N3,Recruitment complete,,"<div class=""section"">
<h3 id=""trial-secondary_id"">Secondary Ids</h3>
<div class=""section-inner"">
<div class=""empty-section"">
		empty	</div>
</div>
</div>"
100,IRCT20200413047063N1,Recruitment complete,,"<div class=""section"">
<h3 id=""trial-secondary_id"">Secondary Ids</h3>
<div class=""section-inner"">
<div class=""empty-section"">
		empty	</div>
</div>
</div>"
101,IRCT20200413047052N1,Recruitment complete,,"<div class=""section"">
<h3 id=""trial-secondary_id"">Secondary Ids</h3>
<div class=""section-inner"">
<div class=""empty-section"">
		empty	</div>
</div>
</div>"
102,IRCT20200414047070N1,Recruitment complete,,"<div class=""section"">
<h3 id=""trial-secondary_id"">Secondary Ids</h3>
<div class=""section-inner"">
<div class=""empty-section"">
		empty	</div>
</div>
</div>"
103,IRCT20170210032478N3,Recruitment complete,,"<div class=""section"">
<h3 id=""trial-secondary_id"">Secondary Ids</h3>
<div class=""section-inner"">
<div class=""empty-section"">
		empty	</div>
</div>
</div>"
104,IRCT20200415047082N1,Recruitment complete,,"<div class=""section"">
<h3 id=""trial-secondary_id"">Secondary Ids</h3>
<div class=""section-inner"">
<div class=""empty-section"">
		empty	</div>
</div>
</div>"
105,IRCT20200413047056N1,Recruitment complete,,"<div class=""section"">
<h3 id=""trial-secondary_id"">Secondary Ids</h3>
<div class=""section-inner"">
<div class=""empty-section"">
		empty	</div>
</div>
</div>"
106,IRCT20200418047116N1,Recruitment complete,,"<div class=""section"">
<h3 id=""trial-secondary_id"">Secondary Ids</h3>
<div class=""section-inner"">
<div class=""empty-section"">
		empty	</div>
</div>
</div>"
107,IRCT20200415047089N1,Recruitment complete,,"<div class=""section"">
<h3 id=""trial-secondary_id"">Secondary Ids</h3>
<div class=""section-inner"">
<div class=""empty-section"">
		empty	</div>
</div>
</div>"
108,IRCT20200415047092N1,Recruitment complete,,"<div class=""section"">
<h3 id=""trial-secondary_id"">Secondary Ids</h3>
<div class=""section-inner"">
<div class=""empty-section"">
		empty	</div>
</div>
</div>"
109,IRCT20200416047104N1,Recruitment complete,,"<div class=""section"">
<h3 id=""trial-secondary_id"">Secondary Ids</h3>
<div class=""section-inner"">
<div class=""empty-section"">
		empty	</div>
</div>
</div>"
110,IRCT20200417047113N1,Recruitment complete,,"<div class=""section"">
<h3 id=""trial-secondary_id"">Secondary Ids</h3>
<div class=""section-inner"">
<div class=""empty-section"">
		empty	</div>
</div>
</div>"
111,IRCT20200419047128N1,Recruitment complete,,"<div class=""section"">
<h3 id=""trial-secondary_id"">Secondary Ids</h3>
<div class=""section-inner"">
<div class=""empty-section"">
		empty	</div>
</div>
</div>"
112,IRCT20200416047099N1,Recruitment complete,,"<div class=""section"">
<h3 id=""trial-secondary_id"">Secondary Ids</h3>
<div class=""section-inner"">
<div class=""empty-section"">
		empty	</div>
</div>
</div>"
113,IRCT20200418047122N1,Recruitment complete,,"<div class=""section"">
<h3 id=""trial-secondary_id"">Secondary Ids</h3>
<div class=""section-inner"">
<div class=""empty-section"">
		empty	</div>
</div>
</div>"
114,IRCT20200418047121N2,Recruitment complete,,"<div class=""section"">
<h3 id=""trial-secondary_id"">Secondary Ids</h3>
<div class=""section-inner"">
<div class=""empty-section"">
		empty	</div>
</div>
</div>"
115,IRCT20140407017169N2,Recruitment complete,,"<div class=""section"">
<h3 id=""trial-secondary_id"">Secondary Ids</h3>
<div class=""section-inner"">
<div class=""empty-section"">
		empty	</div>
</div>
</div>"
116,IRCT20200329046892N1,Recruitment complete,,"<div class=""section"">
<h3 id=""trial-secondary_id"">Secondary Ids</h3>
<div class=""section-inner"">
<div class=""empty-section"">
		empty	</div>
</div>
</div>"
117,IRCT20080901001165N48,Recruitment complete,,"<div class=""section"">
<h3 id=""trial-secondary_id"">Secondary Ids</h3>
<div class=""section-inner"">
<div class=""empty-section"">
		empty	</div>
</div>
</div>"
118,IRCT20200420047147N1,Recruitment complete,,"<div class=""section"">
<h3 id=""trial-secondary_id"">Secondary Ids</h3>
<div class=""section-inner"">
<div class=""empty-section"">
		empty	</div>
</div>
</div>"
119,IRCT20190618043923N4,Recruitment complete,,"<div class=""section"">
<h3 id=""trial-secondary_id"">Secondary Ids</h3>
<div class=""section-inner"">
<div class=""empty-section"">
		empty	</div>
</div>
</div>"
120,IRCT20200421047155N1,Recruitment complete,,"<div class=""section"">
<h3 id=""trial-secondary_id"">Secondary Ids</h3>
<div class=""section-inner"">
<div class=""empty-section"">
		empty	</div>
</div>
</div>"
121,IRCT20200419047128N2,Recruitment complete,,"<div class=""section"">
<h3 id=""trial-secondary_id"">Secondary Ids</h3>
<div class=""section-inner"">
<div class=""empty-section"">
		empty	</div>
</div>
</div>"
122,IRCT20080901001165N49,Recruitment complete,,"<div class=""section"">
<h3 id=""trial-secondary_id"">Secondary Ids</h3>
<div class=""section-inner"">
<div class=""empty-section"">
		empty	</div>
</div>
</div>"
123,IRCT20200422047168N1,recruiting,,"<div class=""section"">
<h3 id=""trial-secondary_id"">Secondary Ids</h3>
<div class=""section-inner"">
<div class=""empty-section"">
		empty	</div>
</div>
</div>"
124,IRCT20200408046990N2,Recruitment complete,,"<div class=""section"">
<h3 id=""trial-secondary_id"">Secondary Ids</h3>
<div class=""section-inner"">
<div class=""empty-section"">
		empty	</div>
</div>
</div>"
125,IRCT20180114038350N3,Recruitment complete,,"<div class=""section"">
<h3 id=""trial-secondary_id"">Secondary Ids</h3>
<div class=""section-inner"">
<div class=""empty-section"">
		empty	</div>
</div>
</div>"
126,IRCT20200426047206N1,Recruitment complete,,"<div class=""section"">
<h3 id=""trial-secondary_id"">Secondary Ids</h3>
<div class=""section-inner"">
<div class=""empty-section"">
		empty	</div>
</div>
</div>"
127,IRCT20120215009014N353,Recruitment complete,,"<div class=""section"">
<h3 id=""trial-secondary_id"">Secondary Ids</h3>
<div class=""section-inner"">
<div class=""empty-section"">
		empty	</div>
</div>
</div>"
128,IRCT20140305016852N4,Recruitment complete,,"<div class=""section"">
<h3 id=""trial-secondary_id"">Secondary Ids</h3>
<div class=""section-inner"">
<div class=""empty-section"">
		empty	</div>
</div>
</div>"
129,IRCT20180425039414N2,Recruitment complete,,"<div class=""section"">
<h3 id=""trial-secondary_id"">Secondary Ids</h3>
<div class=""section-inner"">
<div class=""empty-section"">
		empty	</div>
</div>
</div>"
130,IRCT20200427047215N1,Recruitment complete,,"<div class=""section"">
<h3 id=""trial-secondary_id"">Secondary Ids</h3>
<div class=""section-inner"">
<div class=""empty-section"">
		empty	</div>
</div>
</div>"
131,IRCT20200426047212N1,Recruitment complete,,"<div class=""section"">
<h3 id=""trial-secondary_id"">Secondary Ids</h3>
<div class=""section-inner"">
<div class=""empty-section"">
		empty	</div>
</div>
</div>"
132,IRCT20080901001165N50,Recruitment complete,,"<div class=""section"">
<h3 id=""trial-secondary_id"">Secondary Ids</h3>
<div class=""section-inner"">
<div class=""empty-section"">
		empty	</div>
</div>
</div>"
133,IRCT20080901001165N51,Recruitment complete,,"<div class=""section"">
<h3 id=""trial-secondary_id"">Secondary Ids</h3>
<div class=""section-inner"">
<div class=""empty-section"">
		empty	</div>
</div>
</div>"
134,IRCT20200418047121N1,Recruitment complete,,"<div class=""section"">
<h3 id=""trial-secondary_id"">Secondary Ids</h3>
<div class=""section-inner"">
<div class=""empty-section"">
		empty	</div>
</div>
</div>"
135,IRCT20150808023559N21,Recruitment complete,,"<div class=""section"">
<h3 id=""trial-secondary_id"">Secondary Ids</h3>
<div class=""section-inner"">
<div class=""empty-section"">
		empty	</div>
</div>
</div>"
136,IRCT20200501047258N1,recruiting,,"<div class=""section"">
<h3 id=""trial-secondary_id"">Secondary Ids</h3>
<div class=""section-inner"">
<div class=""empty-section"">
		empty	</div>
</div>
</div>"
137,IRCT20131129015584N2,Recruitment complete,,"<div class=""section"">
<h3 id=""trial-secondary_id"">Secondary Ids</h3>
<div class=""section-inner"">
<div class=""empty-section"">
		empty	</div>
</div>
</div>"
138,IRCT20080901001165N52,Recruitment complete,,"<div class=""section"">
<h3 id=""trial-secondary_id"">Secondary Ids</h3>
<div class=""section-inner"">
<div class=""empty-section"">
		empty	</div>
</div>
</div>"
139,IRCT20160706028815N5,Recruitment complete,,"<div class=""section"">
<h3 id=""trial-secondary_id"">Secondary Ids</h3>
<div class=""section-inner"">
<div class=""empty-section"">
		empty	</div>
</div>
</div>"
140,IRCT20171213037866N2,Recruitment complete,,"<div class=""section"">
<h3 id=""trial-secondary_id"">Secondary Ids</h3>
<div class=""section-inner"">
<div class=""empty-section"">
		empty	</div>
</div>
</div>"
141,IRCT20200326046868N1,Recruitment complete,,"<div class=""section"">
<h3 id=""trial-secondary_id"">Secondary Ids</h3>
<div class=""section-inner"">
<div class=""empty-section"">
		empty	</div>
</div>
</div>"
142,IRCT20200508047346N1,recruiting,,"<div class=""section"">
<h3 id=""trial-secondary_id"">Secondary Ids</h3>
<div class=""section-inner"">
<div class=""empty-section"">
		empty	</div>
</div>
</div>"
143,IRCT20120215009014N354,Recruitment complete,,"<div class=""section"">
<h3 id=""trial-secondary_id"">Secondary Ids</h3>
<div class=""section-inner"">
<div class=""empty-section"">
		empty	</div>
</div>
</div>"
144,IRCT20200128046294N2,Recruitment complete,18/05/2020,"<div class=""section"">
<h3 id=""trial-secondary_id"">Secondary Ids</h3>
<div class=""section-inner"">
<div class=""empty-section"">
		empty	</div>
</div>
</div>"
145,IRCT20200314046774N1,Recruitment complete,13/06/2020,"<div class=""section"">
<h3 id=""trial-secondary_id"">Secondary Ids</h3>
<div class=""section-inner"">
<div class=""empty-section"">
		empty	</div>
</div>
</div>"
146,IRCT20200324046850N3,Recruitment complete,,"<div class=""section"">
<h3 id=""trial-secondary_id"">Secondary Ids</h3>
<div class=""section-inner"">
<div class=""empty-section"">
		empty	</div>
</div>
</div>"
147,IRCT20180923041093N3,Recruitment complete,,"<div class=""section"">
<h3 id=""trial-secondary_id"">Secondary Ids</h3>
<div class=""section-inner"">
<div class=""empty-section"">
		empty	</div>
</div>
</div>"
148,IRCT20180923041093N4,Recruitment complete,,"<div class=""section"">
<h3 id=""trial-secondary_id"">Secondary Ids</h3>
<div class=""section-inner"">
<div class=""empty-section"">
		empty	</div>
</div>
</div>"
149,IRCT20200324046850N1,Recruitment complete,,"<div class=""section"">
<h3 id=""trial-secondary_id"">Secondary Ids</h3>
<div class=""section-inner"">
<div class=""empty-section"">
		empty	</div>
</div>
</div>"
150,IRCT20190810044500N5,recruiting,,"<div class=""section"">
<h3 id=""trial-secondary_id"">Secondary Ids</h3>
<div class=""section-inner"">
<div class=""empty-section"">
		empty	</div>
</div>
</div>"
151,IRCT20200404046947N1,Recruitment complete,,"<div class=""section"">
<h3 id=""trial-secondary_id"">Secondary Ids</h3>
<div class=""section-inner"">
<div class=""empty-section"">
		empty	</div>
</div>
</div>"
152,IRCT20151228025732N52,Recruitment complete,,"<div class=""section"">
<h3 id=""trial-secondary_id"">Secondary Ids</h3>
<div class=""section-inner"">
<div class=""empty-section"">
		empty	</div>
</div>
</div>"
153,IRCT20081027001411N3,Recruitment complete,,"<div class=""section"">
<h3 id=""trial-secondary_id"">Secondary Ids</h3>
<div class=""section-inner"">
<div class=""empty-section"">
		empty	</div>
</div>
</div>"
154,IRCT20091201002804N12,Recruitment complete,,"<div class=""section"">
<h3 id=""trial-secondary_id"">Secondary Ids</h3>
<div class=""section-inner"">
<div class=""empty-section"">
		empty	</div>
</div>
</div>"
155,IRCT20200217046526N1,Recruitment complete,25/04/2020,"<div class=""section"">
<h3 id=""trial-secondary_id"">Secondary Ids</h3>
<div class=""section-inner"">
<div class=""empty-section"">
		empty	</div>
</div>
</div>"
156,IRCT20200411047016N1,Recruitment complete,,"<div class=""section"">
<h3 id=""trial-secondary_id"">Secondary Ids</h3>
<div class=""section-inner"">
<div class=""empty-section"">
		empty	</div>
</div>
</div>"
157,IRCT20190727044343N3,Recruitment complete,,"<div class=""section"">
<h3 id=""trial-secondary_id"">Secondary Ids</h3>
<div class=""section-inner"">
<div class=""empty-section"">
		empty	</div>
</div>
</div>"
158,IRCT20200223046586N2,Recruitment complete,,"<div class=""section"">
<h3 id=""trial-secondary_id"">Secondary Ids</h3>
<div class=""section-inner"">
<div class=""empty-section"">
		empty	</div>
</div>
</div>"
159,IRCT20081019001369N6,Recruitment complete,,"<div class=""section"">
<h3 id=""trial-secondary_id"">Secondary Ids</h3>
<div class=""section-inner"">
<div class=""empty-section"">
		empty	</div>
</div>
</div>"
160,IRCT20091012002582N21,Recruitment complete,,"<div class=""section"">
<h3 id=""trial-secondary_id"">Secondary Ids</h3>
<div class=""section-inner"">
<div class=""empty-section"">
		empty	</div>
</div>
</div>"
161,IRCT20200325046859N2,Recruitment complete,,"<div class=""section"">
<h3 id=""trial-secondary_id"">Secondary Ids</h3>
<div class=""section-inner"">
<div class=""empty-section"">
		empty	</div>
</div>
</div>"
162,IRCT20190418043307N1,Recruitment complete,,"<div class=""section"">
<h3 id=""trial-secondary_id"">Secondary Ids</h3>
<div class=""section-inner"">
<div class=""empty-section"">
		empty	</div>
</div>
</div>"
163,IRCT20200411047019N1,recruiting,,"<div class=""section"">
<h3 id=""trial-secondary_id"">Secondary Ids</h3>
<div class=""section-inner"">
<div class=""empty-section"">
		empty	</div>
</div>
</div>"
164,IRCT20150303021315N19,Recruitment complete,,"<div class=""section"">
<h3 id=""trial-secondary_id"">Secondary Ids</h3>
<div class=""section-inner"">
<div class=""empty-section"">
		empty	</div>
</div>
</div>"
165,IRCT20200209046427N1,Recruitment complete,,"<div class=""section"">
<h3 id=""trial-secondary_id"">Secondary Ids</h3>
<div class=""section-inner"">
<div class=""empty-section"">
		empty	</div>
</div>
</div>"
166,IRCT20200428047228N1,Recruitment complete,,"<div class=""section"">
<h3 id=""trial-secondary_id"">Secondary Ids</h3>
<div class=""section-inner"">
<div class=""empty-section"">
		empty	</div>
</div>
</div>"
167,IRCT20200501047259N1,Recruitment complete,,"<div class=""section"">
<h3 id=""trial-secondary_id"">Secondary Ids</h3>
<div class=""section-inner"">
<div class=""empty-section"">
		empty	</div>
</div>
</div>"
168,IRCT20200115046144N2,Recruitment complete,,"<div class=""section"">
<h3 id=""trial-secondary_id"">Secondary Ids</h3>
<div class=""section-inner"">
<div class=""empty-section"">
		empty	</div>
</div>
</div>"
169,IRCT20131129015584N3,Recruitment complete,,"<div class=""section"">
<h3 id=""trial-secondary_id"">Secondary Ids</h3>
<div class=""section-inner"">
<div class=""empty-section"">
		empty	</div>
</div>
</div>"
170,IRCT20150107020592N25,Recruitment complete,,"<div class=""section"">
<h3 id=""trial-secondary_id"">Secondary Ids</h3>
<div class=""section-inner"">
<div class=""empty-section"">
		empty	</div>
</div>
</div>"
171,IRCT20200502047268N1,Recruitment complete,,"<div class=""section"">
<h3 id=""trial-secondary_id"">Secondary Ids</h3>
<div class=""section-inner"">
<div class=""empty-section"">
		empty	</div>
</div>
</div>"
172,IRCT20200503047280N1,Recruitment complete,,"<div class=""section"">
<h3 id=""trial-secondary_id"">Secondary Ids</h3>
<div class=""section-inner"">
<div class=""empty-section"">
		empty	</div>
</div>
</div>"
173,IRCT20200418047126N1,Recruitment complete,,"<div class=""section"">
<h3 id=""trial-secondary_id"">Secondary Ids</h3>
<div class=""section-inner"">
<div class=""empty-section"">
		empty	</div>
</div>
</div>"
174,IRCT20200405046951N1,Recruitment complete,,"<div class=""section"">
<h3 id=""trial-secondary_id"">Secondary Ids</h3>
<div class=""section-inner"">
<div class=""empty-section"">
		empty	</div>
</div>
</div>"
175,IRCT20170211032494N3,Recruitment complete,,"<div class=""section"">
<h3 id=""trial-secondary_id"">Secondary Ids</h3>
<div class=""section-inner"">
<div class=""empty-section"">
		empty	</div>
</div>
</div>"
176,IRCT20081011001323N25,Recruitment complete,,"<div class=""section"">
<h3 id=""trial-secondary_id"">Secondary Ids</h3>
<div class=""section-inner"">
<div class=""empty-section"">
		empty	</div>
</div>
</div>"
177,IRCT20200421047150N1,Recruitment complete,,"<div class=""section"">
<h3 id=""trial-secondary_id"">Secondary Ids</h3>
<div class=""section-inner"">
<div class=""empty-section"">
		empty	</div>
</div>
</div>"
178,IRCT20180923041093N6,Recruitment complete,,"<div class=""section"">
<h3 id=""trial-secondary_id"">Secondary Ids</h3>
<div class=""section-inner"">
<div class=""empty-section"">
		empty	</div>
</div>
</div>"
179,IRCT20200509047360N1,Recruitment complete,,"<div class=""section"">
<h3 id=""trial-secondary_id"">Secondary Ids</h3>
<div class=""section-inner"">
<div class=""empty-section"">
		empty	</div>
</div>
</div>"
180,IRCT20140428017469N1,Recruitment complete,,"<div class=""section"">
<h3 id=""trial-secondary_id"">Secondary Ids</h3>
<div class=""section-inner"">
<div class=""empty-section"">
		empty	</div>
</div>
</div>"
181,IRCT20200506047323N2,Recruitment complete,,"<div class=""section"">
<h3 id=""trial-secondary_id"">Secondary Ids</h3>
<div class=""section-inner"">
<div class=""empty-section"">
		empty	</div>
</div>
</div>"
182,IRCT20200509047373N1,Recruitment complete,,"<div class=""section"">
<h3 id=""trial-secondary_id"">Secondary Ids</h3>
<div class=""section-inner"">
<div class=""empty-section"">
		empty	</div>
</div>
</div>"
183,IRCT20151227025726N15,Recruitment complete,,"<div class=""section"">
<h3 id=""trial-secondary_id"">Secondary Ids</h3>
<div class=""section-inner"">
<div class=""empty-section"">
		empty	</div>
</div>
</div>"
184,IRCT20150716023235N15,Recruitment complete,,"<div class=""section"">
<h3 id=""trial-secondary_id"">Secondary Ids</h3>
<div class=""section-inner"">
<div class=""empty-section"">
		empty	</div>
</div>
</div>"
185,IRCT20200510047383N1,Recruitment complete,,"<div class=""section"">
<h3 id=""trial-secondary_id"">Secondary Ids</h3>
<div class=""section-inner"">
<div class=""empty-section"">
		empty	</div>
</div>
</div>"
186,IRCT20120215009014N355,Recruitment complete,,"<div class=""section"">
<h3 id=""trial-secondary_id"">Secondary Ids</h3>
<div class=""section-inner"">
<div class=""empty-section"">
		empty	</div>
</div>
</div>"
187,IRCT20090609002017N35,Recruitment complete,,"<div class=""section"">
<h3 id=""trial-secondary_id"">Secondary Ids</h3>
<div class=""section-inner"">
<div class=""empty-section"">
		empty	</div>
</div>
</div>"
188,IRCT20080901001165N55,Recruitment complete,,"<div class=""section"">
<h3 id=""trial-secondary_id"">Secondary Ids</h3>
<div class=""section-inner"">
<div class=""empty-section"">
		empty	</div>
</div>
</div>"
189,IRCT20080901001165N53,Recruitment complete,,"<div class=""section"">
<h3 id=""trial-secondary_id"">Secondary Ids</h3>
<div class=""section-inner"">
<div class=""empty-section"">
		empty	</div>
</div>
</div>"
190,IRCT20200428047228N2,Recruitment complete,,"<div class=""section"">
<h3 id=""trial-secondary_id"">Secondary Ids</h3>
<div class=""section-inner"">
<div class=""empty-section"">
		empty	</div>
</div>
</div>"
191,IRCT20080901001165N60,Recruitment complete,,"<div class=""section"">
<h3 id=""trial-secondary_id"">Secondary Ids</h3>
<div class=""section-inner"">
<div class=""empty-section"">
		empty	</div>
</div>
</div>"
192,IRCT20200506047323N1,Recruitment complete,,"<div class=""section"">
<h3 id=""trial-secondary_id"">Secondary Ids</h3>
<div class=""section-inner"">
<div class=""empty-section"">
		empty	</div>
</div>
</div>"
193,IRCT20080901001165N56,Recruitment complete,,"<div class=""section"">
<h3 id=""trial-secondary_id"">Secondary Ids</h3>
<div class=""section-inner"">
<div class=""empty-section"">
		empty	</div>
</div>
</div>"
194,IRCT20200405046960N2,Recruitment complete,,"<div class=""section"">
<h3 id=""trial-secondary_id"">Secondary Ids</h3>
<div class=""section-inner"">
<div class=""subsection"">
<h4 class=""subsection-label"">1</h4>
<dl class=""dl-horizontal dl-subsection"">
<dt class="""">
				Registry name			</dt>
<dd class=""field"">
</dd>
<dt class="""">
				Secondary trial Id			</dt>
<dd class=""field"">
</dd>
<dt class="""">
				Registration date			</dt>
<dd class=""field"">
<div class=""empty-field"">
		empty	</div>
</dd>
</dl>
</div>
</div>
</div>"
195,IRCT20200516047462N1,Recruitment complete,,"<div class=""section"">
<h3 id=""trial-secondary_id"">Secondary Ids</h3>
<div class=""section-inner"">
<div class=""empty-section"">
		empty	</div>
</div>
</div>"
196,IRCT20151227025726N17,Recruitment complete,,"<div class=""section"">
<h3 id=""trial-secondary_id"">Secondary Ids</h3>
<div class=""section-inner"">
<div class=""empty-section"">
		empty	</div>
</div>
</div>"
197,IRCT20200516047468N1,Recruitment complete,,"<div class=""section"">
<h3 id=""trial-secondary_id"">Secondary Ids</h3>
<div class=""section-inner"">
<div class=""empty-section"">
		empty	</div>
</div>
</div>"
198,IRCT20150107020592N23,Recruitment complete,,"<div class=""section"">
<h3 id=""trial-secondary_id"">Secondary Ids</h3>
<div class=""section-inner"">
<div class=""empty-section"">
		empty	</div>
</div>
</div>"
199,IRCT20160809029275N1,Recruitment complete,,"<div class=""section"">
<h3 id=""trial-secondary_id"">Secondary Ids</h3>
<div class=""section-inner"">
<div class=""empty-section"">
		empty	</div>
</div>
</div>"
200,IRCT20151226025699N3,Recruitment complete,,"<div class=""section"">
<h3 id=""trial-secondary_id"">Secondary Ids</h3>
<div class=""section-inner"">
<div class=""empty-section"">
		empty	</div>
</div>
</div>"
201,IRCT20180608040007N2,Recruitment complete,,"<div class=""section"">
<h3 id=""trial-secondary_id"">Secondary Ids</h3>
<div class=""section-inner"">
<div class=""empty-section"">
		empty	</div>
</div>
</div>"
202,IRCT20200517047485N1,recruiting,,"<div class=""section"">
<h3 id=""trial-secondary_id"">Secondary Ids</h3>
<div class=""section-inner"">
<div class=""empty-section"">
		empty	</div>
</div>
</div>"
203,IRCT20150107020592N22,Recruitment complete,,"<div class=""section"">
<h3 id=""trial-secondary_id"">Secondary Ids</h3>
<div class=""section-inner"">
<div class=""empty-section"">
		empty	</div>
</div>
</div>"
204,IRCT20200518047497N1,Recruitment complete,,"<div class=""section"">
<h3 id=""trial-secondary_id"">Secondary Ids</h3>
<div class=""section-inner"">
<div class=""empty-section"">
		empty	</div>
</div>
</div>"
205,IRCT20200519047510N1,Recruitment complete,,"<div class=""section"">
<h3 id=""trial-secondary_id"">Secondary Ids</h3>
<div class=""section-inner"">
<div class=""empty-section"">
		empty	</div>
</div>
</div>"
206,IRCT20151227025726N18,Recruitment complete,,"<div class=""section"">
<h3 id=""trial-secondary_id"">Secondary Ids</h3>
<div class=""section-inner"">
<div class=""empty-section"">
		empty	</div>
</div>
</div>"
207,IRCT20161206031256N3,Recruitment complete,,"<div class=""section"">
<h3 id=""trial-secondary_id"">Secondary Ids</h3>
<div class=""section-inner"">
<div class=""empty-section"">
		empty	</div>
</div>
</div>"
208,IRCT20160126026217N4,Recruitment complete,,"<div class=""section"">
<h3 id=""trial-secondary_id"">Secondary Ids</h3>
<div class=""section-inner"">
<div class=""empty-section"">
		empty	</div>
</div>
</div>"
209,IRCT20200422047168N2,Recruitment complete,,"<div class=""section"">
<h3 id=""trial-secondary_id"">Secondary Ids</h3>
<div class=""section-inner"">
<div class=""empty-section"">
		empty	</div>
</div>
</div>"
210,IRCT20200523047550N1,Recruitment complete,25/05/2020,"<div class=""section"">
<h3 id=""trial-secondary_id"">Secondary Ids</h3>
<div class=""section-inner"">
<div class=""empty-section"">
		empty	</div>
</div>
</div>"
211,IRCT20160118026097N3,Recruitment complete,,"<div class=""section"">
<h3 id=""trial-secondary_id"">Secondary Ids</h3>
<div class=""section-inner"">
<div class=""empty-section"">
		empty	</div>
</div>
</div>"
212,IRCT20150107020592N24,Recruitment complete,,"<div class=""section"">
<h3 id=""trial-secondary_id"">Secondary Ids</h3>
<div class=""section-inner"">
<div class=""empty-section"">
		empty	</div>
</div>
</div>"
213,IRCT20200518047497N2,Recruitment complete,,"<div class=""section"">
<h3 id=""trial-secondary_id"">Secondary Ids</h3>
<div class=""section-inner"">
<div class=""empty-section"">
		empty	</div>
</div>
</div>"
214,IRCT20120703010178N20,Recruitment complete,,"<div class=""section"">
<h3 id=""trial-secondary_id"">Secondary Ids</h3>
<div class=""section-inner"">
<div class=""empty-section"">
		empty	</div>
</div>
</div>"
215,IRCT20200412047042N1,Recruitment complete,,"<div class=""section"">
<h3 id=""trial-secondary_id"">Secondary Ids</h3>
<div class=""section-inner"">
<div class=""empty-section"">
		empty	</div>
</div>
</div>"
216,IRCT20151113025025N3,Recruitment complete,,"<div class=""section"">
<h3 id=""trial-secondary_id"">Secondary Ids</h3>
<div class=""section-inner"">
<div class=""empty-section"">
		empty	</div>
</div>
</div>"
217,IRCT20200416047099N2,Recruitment complete,,"<div class=""section"">
<h3 id=""trial-secondary_id"">Secondary Ids</h3>
<div class=""section-inner"">
<div class=""empty-section"">
		empty	</div>
</div>
</div>"
218,IRCT20200428047229N1,recruiting,,"<div class=""section"">
<h3 id=""trial-secondary_id"">Secondary Ids</h3>
<div class=""section-inner"">
<div class=""empty-section"">
		empty	</div>
</div>
</div>"
219,IRCT20200428047232N1,Recruitment complete,,"<div class=""section"">
<h3 id=""trial-secondary_id"">Secondary Ids</h3>
<div class=""section-inner"">
<div class=""empty-section"">
		empty	</div>
</div>
</div>"
220,IRCT20200504047298N2,Recruitment complete,,"<div class=""section"">
<h3 id=""trial-secondary_id"">Secondary Ids</h3>
<div class=""section-inner"">
<div class=""empty-section"">
		empty	</div>
</div>
</div>"
221,IRCT20171105037262N4,Recruitment complete,,"<div class=""section"">
<h3 id=""trial-secondary_id"">Secondary Ids</h3>
<div class=""section-inner"">
<div class=""empty-section"">
		empty	</div>
</div>
</div>"
222,IRCT20200508047345N1,Recruitment complete,,"<div class=""section"">
<h3 id=""trial-secondary_id"">Secondary Ids</h3>
<div class=""section-inner"">
<div class=""empty-section"">
		empty	</div>
</div>
</div>"
223,IRCT20200511047396N1,Recruitment complete,,"<div class=""section"">
<h3 id=""trial-secondary_id"">Secondary Ids</h3>
<div class=""section-inner"">
<div class=""empty-section"">
		empty	</div>
</div>
</div>"
224,IRCT20180425039414N3,Recruitment complete,,"<div class=""section"">
<h3 id=""trial-secondary_id"">Secondary Ids</h3>
<div class=""section-inner"">
<div class=""empty-section"">
		empty	</div>
</div>
</div>"
225,IRCT20200510047385N1,recruiting,,"<div class=""section"">
<h3 id=""trial-secondary_id"">Secondary Ids</h3>
<div class=""section-inner"">
<div class=""empty-section"">
		empty	</div>
</div>
</div>"
226,IRCT20200513047426N1,Recruitment complete,,"<div class=""section"">
<h3 id=""trial-secondary_id"">Secondary Ids</h3>
<div class=""section-inner"">
<div class=""empty-section"">
		empty	</div>
</div>
</div>"
227,IRCT20110726007117N11,recruiting,,"<div class=""section"">
<h3 id=""trial-secondary_id"">Secondary Ids</h3>
<div class=""section-inner"">
<div class=""empty-section"">
		empty	</div>
</div>
</div>"
228,IRCT20200112046089N1,Recruitment complete,,"<div class=""section"">
<h3 id=""trial-secondary_id"">Secondary Ids</h3>
<div class=""section-inner"">
<div class=""empty-section"">
		empty	</div>
</div>
</div>"
229,IRCT20200330046899N1,Recruitment complete,,"<div class=""section"">
<h3 id=""trial-secondary_id"">Secondary Ids</h3>
<div class=""section-inner"">
<div class=""empty-section"">
		empty	</div>
</div>
</div>"
230,IRCT20081027001411N4,Recruitment complete,,"<div class=""section"">
<h3 id=""trial-secondary_id"">Secondary Ids</h3>
<div class=""section-inner"">
<div class=""empty-section"">
		empty	</div>
</div>
</div>"
231,IRCT20200525047562N1,Recruitment complete,,"<div class=""section"">
<h3 id=""trial-secondary_id"">Secondary Ids</h3>
<div class=""section-inner"">
<div class=""empty-section"">
		empty	</div>
</div>
</div>"
232,IRCT20200317046797N6,Recruitment complete,,"<div class=""section"">
<h3 id=""trial-secondary_id"">Secondary Ids</h3>
<div class=""section-inner"">
<div class=""empty-section"">
		empty	</div>
</div>
</div>"
233,IRCT20200504047298N1,Recruitment complete,,"<div class=""section"">
<h3 id=""trial-secondary_id"">Secondary Ids</h3>
<div class=""section-inner"">
<div class=""empty-section"">
		empty	</div>
</div>
</div>"
234,IRCT20200505047305N1,Recruitment complete,,"<div class=""section"">
<h3 id=""trial-secondary_id"">Secondary Ids</h3>
<div class=""section-inner"">
<div class=""empty-section"">
		empty	</div>
</div>
</div>"
235,IRCT20150107020592N29,Recruitment complete,21/05/2020,"<div class=""section"">
<h3 id=""trial-secondary_id"">Secondary Ids</h3>
<div class=""section-inner"">
<div class=""empty-section"">
		empty	</div>
</div>
</div>"
236,IRCT20200607047675N1,Recruitment complete,,"<div class=""section"">
<h3 id=""trial-secondary_id"">Secondary Ids</h3>
<div class=""section-inner"">
<div class=""empty-section"">
		empty	</div>
</div>
</div>"
237,IRCT20200608047686N1,Recruitment complete,,"<div class=""section"">
<h3 id=""trial-secondary_id"">Secondary Ids</h3>
<div class=""section-inner"">
<div class=""empty-section"">
		empty	</div>
</div>
</div>"
238,IRCT20150107020592N26,Recruitment complete,21/05/2020,"<div class=""section"">
<h3 id=""trial-secondary_id"">Secondary Ids</h3>
<div class=""section-inner"">
<div class=""empty-section"">
		empty	</div>
</div>
</div>"
239,IRCT20200609047707N1,Recruitment complete,,"<div class=""section"">
<h3 id=""trial-secondary_id"">Secondary Ids</h3>
<div class=""section-inner"">
<div class=""empty-section"">
		empty	</div>
</div>
</div>"
240,IRCT20200611047735N1,Recruitment complete,,"<div class=""section"">
<h3 id=""trial-secondary_id"">Secondary Ids</h3>
<div class=""section-inner"">
<div class=""empty-section"">
		empty	</div>
</div>
</div>"
241,IRCT20150107020592N27,Recruitment complete,,"<div class=""section"">
<h3 id=""trial-secondary_id"">Secondary Ids</h3>
<div class=""section-inner"">
<div class=""empty-section"">
		empty	</div>
</div>
</div>"
242,IRCT20200515047456N1,Recruitment complete,,"<div class=""section"">
<h3 id=""trial-secondary_id"">Secondary Ids</h3>
<div class=""section-inner"">
<div class=""empty-section"">
		empty	</div>
</div>
</div>"
243,IRCT20200611047727N1,Recruitment complete,,"<div class=""section"">
<h3 id=""trial-secondary_id"">Secondary Ids</h3>
<div class=""section-inner"">
<div class=""empty-section"">
		empty	</div>
</div>
</div>"
244,IRCT20150107020592N28,Recruitment complete,,"<div class=""section"">
<h3 id=""trial-secondary_id"">Secondary Ids</h3>
<div class=""section-inner"">
<div class=""empty-section"">
		empty	</div>
</div>
</div>"
245,IRCT20150107020592N30,Recruitment complete,,"<div class=""section"">
<h3 id=""trial-secondary_id"">Secondary Ids</h3>
<div class=""section-inner"">
<div class=""empty-section"">
		empty	</div>
</div>
</div>"
246,IRCT20200404046937N3,Recruitment complete,,"<div class=""section"">
<h3 id=""trial-secondary_id"">Secondary Ids</h3>
<div class=""section-inner"">
<div class=""empty-section"">
		empty	</div>
</div>
</div>"
247,IRCT20150725023332N3,Recruitment complete,,"<div class=""section"">
<h3 id=""trial-secondary_id"">Secondary Ids</h3>
<div class=""section-inner"">
<div class=""empty-section"">
		empty	</div>
</div>
</div>"
248,IRCT20180712040446N2,Recruitment complete,,"<div class=""section"">
<h3 id=""trial-secondary_id"">Secondary Ids</h3>
<div class=""section-inner"">
<div class=""empty-section"">
		empty	</div>
</div>
</div>"
249,IRCT20190121042444N3,recruiting,,"<div class=""section"">
<h3 id=""trial-secondary_id"">Secondary Ids</h3>
<div class=""section-inner"">
<div class=""empty-section"">
		empty	</div>
</div>
</div>"
250,IRCT20111224008507N3,Recruitment complete,,"<div class=""section"">
<h3 id=""trial-secondary_id"">Secondary Ids</h3>
<div class=""section-inner"">
<div class=""empty-section"">
		empty	</div>
</div>
</div>"
251,IRCT20180519039711N6,Recruitment complete,,"<div class=""section"">
<h3 id=""trial-secondary_id"">Secondary Ids</h3>
<div class=""section-inner"">
<div class=""empty-section"">
		empty	</div>
</div>
</div>"
252,IRCT20200426047206N2,Recruitment complete,,"<div class=""section"">
<h3 id=""trial-secondary_id"">Secondary Ids</h3>
<div class=""section-inner"">
<div class=""empty-section"">
		empty	</div>
</div>
</div>"
253,IRCT20180725040596N2,Recruitment complete,,"<div class=""section"">
<h3 id=""trial-secondary_id"">Secondary Ids</h3>
<div class=""section-inner"">
<div class=""empty-section"">
		empty	</div>
</div>
</div>"
254,IRCT20200408046987N1,Recruitment complete,,"<div class=""section"">
<h3 id=""trial-secondary_id"">Secondary Ids</h3>
<div class=""section-inner"">
<div class=""empty-section"">
		empty	</div>
</div>
</div>"
255,IRCT20200404046937N2,Recruitment complete,01/06/2020,"<div class=""section"">
<h3 id=""trial-secondary_id"">Secondary Ids</h3>
<div class=""section-inner"">
<div class=""empty-section"">
		empty	</div>
</div>
</div>"
256,IRCT20200414047076N1,Recruitment complete,,"<div class=""section"">
<h3 id=""trial-secondary_id"">Secondary Ids</h3>
<div class=""section-inner"">
<div class=""empty-section"">
		empty	</div>
</div>
</div>"
257,IRCT20170922036314N4,recruiting,,"<div class=""section"">
<h3 id=""trial-secondary_id"">Secondary Ids</h3>
<div class=""section-inner"">
<div class=""empty-section"">
		empty	</div>
</div>
</div>"
258,IRCT20200503047281N1,recruiting,,"<div class=""section"">
<h3 id=""trial-secondary_id"">Secondary Ids</h3>
<div class=""section-inner"">
<div class=""empty-section"">
		empty	</div>
</div>
</div>"
259,IRCT20200505047318N1,Recruitment complete,,"<div class=""section"">
<h3 id=""trial-secondary_id"">Secondary Ids</h3>
<div class=""section-inner"">
<div class=""empty-section"">
		empty	</div>
</div>
</div>"
260,IRCT20110907007511N4,Recruitment complete,,"<div class=""section"">
<h3 id=""trial-secondary_id"">Secondary Ids</h3>
<div class=""section-inner"">
<div class=""empty-section"">
		empty	</div>
</div>
</div>"
261,IRCT20200511047399N1,Recruitment complete,,"<div class=""section"">
<h3 id=""trial-secondary_id"">Secondary Ids</h3>
<div class=""section-inner"">
<div class=""empty-section"">
		empty	</div>
</div>
</div>"
262,IRCT20200522047545N1,Recruitment complete,,"<div class=""section"">
<h3 id=""trial-secondary_id"">Secondary Ids</h3>
<div class=""section-inner"">
<div class=""empty-section"">
		empty	</div>
</div>
</div>"
263,IRCT20200522047542N1,Recruitment complete,,"<div class=""section"">
<h3 id=""trial-secondary_id"">Secondary Ids</h3>
<div class=""section-inner"">
<div class=""empty-section"">
		empty	</div>
</div>
</div>"
264,IRCT20080901001165N58,Recruitment complete,,"<div class=""section"">
<h3 id=""trial-secondary_id"">Secondary Ids</h3>
<div class=""section-inner"">
<div class=""empty-section"">
		empty	</div>
</div>
</div>"
265,IRCT20200525047570N1,Recruitment complete,,"<div class=""section"">
<h3 id=""trial-secondary_id"">Secondary Ids</h3>
<div class=""section-inner"">
<div class=""empty-section"">
		empty	</div>
</div>
</div>"
266,IRCT20200607047682N1,Recruitment complete,,"<div class=""section"">
<h3 id=""trial-secondary_id"">Secondary Ids</h3>
<div class=""section-inner"">
<div class=""empty-section"">
		empty	</div>
</div>
</div>"
267,IRCT20200610047722N1,Recruitment complete,,"<div class=""section"">
<h3 id=""trial-secondary_id"">Secondary Ids</h3>
<div class=""section-inner"">
<div class=""empty-section"">
		empty	</div>
</div>
</div>"
268,IRCT20190602043787N3,Recruitment complete,,"<div class=""section"">
<h3 id=""trial-secondary_id"">Secondary Ids</h3>
<div class=""section-inner"">
<div class=""empty-section"">
		empty	</div>
</div>
</div>"
269,IRCT20190624043993N3,Recruitment complete,,"<div class=""section"">
<h3 id=""trial-secondary_id"">Secondary Ids</h3>
<div class=""section-inner"">
<div class=""empty-section"">
		empty	</div>
</div>
</div>"
270,IRCT20190624043993N2,recruiting,,"<div class=""section"">
<h3 id=""trial-secondary_id"">Secondary Ids</h3>
<div class=""section-inner"">
<div class=""empty-section"">
		empty	</div>
</div>
</div>"
271,IRCT20200105046009N4,Recruitment complete,,"<div class=""section"">
<h3 id=""trial-secondary_id"">Secondary Ids</h3>
<div class=""section-inner"">
<div class=""empty-section"">
		empty	</div>
</div>
</div>"
272,IRCT20200506047323N3,Recruitment complete,,"<div class=""section"">
<h3 id=""trial-secondary_id"">Secondary Ids</h3>
<div class=""section-inner"">
<div class=""empty-section"">
		empty	</div>
</div>
</div>"
273,IRCT20200705048013N1,Recruitment complete,05/07/2020,"<div class=""section"">
<h3 id=""trial-secondary_id"">Secondary Ids</h3>
<div class=""section-inner"">
<div class=""empty-section"">
		empty	</div>
</div>
</div>"
274,IRCT20190406043175N3,recruiting,,"<div class=""section"">
<h3 id=""trial-secondary_id"">Secondary Ids</h3>
<div class=""section-inner"">
<div class=""empty-section"">
		empty	</div>
</div>
</div>"
275,IRCT20170117032025N7,Recruitment complete,,"<div class=""section"">
<h3 id=""trial-secondary_id"">Secondary Ids</h3>
<div class=""section-inner"">
<div class=""empty-section"">
		empty	</div>
</div>
</div>"
276,IRCT20190415043279N6,Recruitment complete,,"<div class=""section"">
<h3 id=""trial-secondary_id"">Secondary Ids</h3>
<div class=""section-inner"">
<div class=""empty-section"">
		empty	</div>
</div>
</div>"
277,IRCT20200426047206N3,Recruitment complete,,"<div class=""section"">
<h3 id=""trial-secondary_id"">Secondary Ids</h3>
<div class=""section-inner"">
<div class=""empty-section"">
		empty	</div>
</div>
</div>"
278,IRCT20200408046990N3,Recruitment complete,,"<div class=""section"">
<h3 id=""trial-secondary_id"">Secondary Ids</h3>
<div class=""section-inner"">
<div class=""empty-section"">
		empty	</div>
</div>
</div>"
279,IRCT20151227025726N20,Recruitment complete,,"<div class=""section"">
<h3 id=""trial-secondary_id"">Secondary Ids</h3>
<div class=""section-inner"">
<div class=""empty-section"">
		empty	</div>
</div>
</div>"
280,IRCT20101020004976N6,Recruitment complete,,"<div class=""section"">
<h3 id=""trial-secondary_id"">Secondary Ids</h3>
<div class=""section-inner"">
<div class=""empty-section"">
		empty	</div>
</div>
</div>"
281,IRCT20180513039641N2,recruiting,,"<div class=""section"">
<h3 id=""trial-secondary_id"">Secondary Ids</h3>
<div class=""section-inner"">
<div class=""empty-section"">
		empty	</div>
</div>
</div>"
282,IRCT20200506047323N4,Recruitment complete,,"<div class=""section"">
<h3 id=""trial-secondary_id"">Secondary Ids</h3>
<div class=""section-inner"">
<div class=""empty-section"">
		empty	</div>
</div>
</div>"
283,IRCT20200723048178N1,Recruitment complete,,"<div class=""section"">
<h3 id=""trial-secondary_id"">Secondary Ids</h3>
<div class=""section-inner"">
<div class=""empty-section"">
		empty	</div>
</div>
</div>"
284,IRCT20160131026298N4,Recruitment complete,,"<div class=""section"">
<h3 id=""trial-secondary_id"">Secondary Ids</h3>
<div class=""section-inner"">
<div class=""empty-section"">
		empty	</div>
</div>
</div>"
285,IRCT20200404046937N4,Recruitment complete,,"<div class=""section"">
<h3 id=""trial-secondary_id"">Secondary Ids</h3>
<div class=""section-inner"">
<div class=""empty-section"">
		empty	</div>
</div>
</div>"
286,IRCT20200402046917N1,Recruitment complete,,"<div class=""section"">
<h3 id=""trial-secondary_id"">Secondary Ids</h3>
<div class=""section-inner"">
<div class=""empty-section"">
		empty	</div>
</div>
</div>"
287,IRCT20170128032241N3,Recruitment complete,,"<div class=""section"">
<h3 id=""trial-secondary_id"">Secondary Ids</h3>
<div class=""section-inner"">
<div class=""empty-section"">
		empty	</div>
</div>
</div>"
288,IRCT20200409047007N1,Recruitment complete,27/06/2020,"<div class=""section"">
<h3 id=""trial-secondary_id"">Secondary Ids</h3>
<div class=""section-inner"">
<div class=""empty-section"">
		empty	</div>
</div>
</div>"
289,IRCT20200418047119N1,Recruitment complete,,"<div class=""section"">
<h3 id=""trial-secondary_id"">Secondary Ids</h3>
<div class=""section-inner"">
<div class=""empty-section"">
		empty	</div>
</div>
</div>"
290,IRCT20151222025660N2,Recruitment complete,,"<div class=""section"">
<h3 id=""trial-secondary_id"">Secondary Ids</h3>
<div class=""section-inner"">
<div class=""empty-section"">
		empty	</div>
</div>
</div>"
291,IRCT20200514047445N1,Recruitment complete,,"<div class=""section"">
<h3 id=""trial-secondary_id"">Secondary Ids</h3>
<div class=""section-inner"">
<div class=""empty-section"">
		empty	</div>
</div>
</div>"
292,IRCT20190131042569N5,Recruitment complete,,"<div class=""section"">
<h3 id=""trial-secondary_id"">Secondary Ids</h3>
<div class=""section-inner"">
<div class=""empty-section"">
		empty	</div>
</div>
</div>"
293,IRCT20200527047581N1,Recruitment complete,,"<div class=""section"">
<h3 id=""trial-secondary_id"">Secondary Ids</h3>
<div class=""section-inner"">
<div class=""empty-section"">
		empty	</div>
</div>
</div>"
294,IRCT20200616047792N1,Recruitment complete,,"<div class=""section"">
<h3 id=""trial-secondary_id"">Secondary Ids</h3>
<div class=""section-inner"">
<div class=""empty-section"">
		empty	</div>
</div>
</div>"
295,IRCT20200616047799N1,Recruitment complete,,"<div class=""section"">
<h3 id=""trial-secondary_id"">Secondary Ids</h3>
<div class=""section-inner"">
<div class=""empty-section"">
		empty	</div>
</div>
</div>"
296,IRCT20090304001739N3,Recruitment complete,05/09/2020,"<div class=""section"">
<h3 id=""trial-secondary_id"">Secondary Ids</h3>
<div class=""section-inner"">
<div class=""empty-section"">
		empty	</div>
</div>
</div>"
297,IRCT20200623047897N1,Recruitment complete,,"<div class=""section"">
<h3 id=""trial-secondary_id"">Secondary Ids</h3>
<div class=""section-inner"">
<div class=""empty-section"">
		empty	</div>
</div>
</div>"
298,IRCT20200509047364N1,Recruitment complete,,"<div class=""section"">
<h3 id=""trial-secondary_id"">Secondary Ids</h3>
<div class=""section-inner"">
<div class=""empty-section"">
		empty	</div>
</div>
</div>"
299,IRCT20200630047962N1,Recruitment complete,,"<div class=""section"">
<h3 id=""trial-secondary_id"">Secondary Ids</h3>
<div class=""section-inner"">
<div class=""empty-section"">
		empty	</div>
</div>
</div>"
300,IRCT20200705048011N1,recruiting,,"<div class=""section"">
<h3 id=""trial-secondary_id"">Secondary Ids</h3>
<div class=""section-inner"">
<div class=""empty-section"">
		empty	</div>
</div>
</div>"
301,IRCT20190312043030N2,Recruitment complete,,"<div class=""section"">
<h3 id=""trial-secondary_id"">Secondary Ids</h3>
<div class=""section-inner"">
<div class=""empty-section"">
		empty	</div>
</div>
</div>"
302,IRCT20170716035126N4,Recruitment complete,,"<div class=""section"">
<h3 id=""trial-secondary_id"">Secondary Ids</h3>
<div class=""section-inner"">
<div class=""empty-section"">
		empty	</div>
</div>
</div>"
303,IRCT20200711048076N1,Recruitment complete,,"<div class=""section"">
<h3 id=""trial-secondary_id"">Secondary Ids</h3>
<div class=""section-inner"">
<div class=""empty-section"">
		empty	</div>
</div>
</div>"
304,IRCT20200509047364N2,Recruitment complete,,"<div class=""section"">
<h3 id=""trial-secondary_id"">Secondary Ids</h3>
<div class=""section-inner"">
<div class=""empty-section"">
		empty	</div>
</div>
</div>"
305,IRCT20200718048129N1,Recruitment complete,,"<div class=""section"">
<h3 id=""trial-secondary_id"">Secondary Ids</h3>
<div class=""section-inner"">
<div class=""empty-section"">
		empty	</div>
</div>
</div>"
306,IRCT20200725048199N1,Recruitment complete,,"<div class=""section"">
<h3 id=""trial-secondary_id"">Secondary Ids</h3>
<div class=""section-inner"">
<div class=""empty-section"">
		empty	</div>
</div>
</div>"
307,IRCT20160808029264N9,recruiting,,"<div class=""section"">
<h3 id=""trial-secondary_id"">Secondary Ids</h3>
<div class=""section-inner"">
<div class=""empty-section"">
		empty	</div>
</div>
</div>"
308,IRCT20190831044653N5,recruiting,,"<div class=""section"">
<h3 id=""trial-secondary_id"">Secondary Ids</h3>
<div class=""section-inner"">
<div class=""empty-section"">
		empty	</div>
</div>
</div>"
309,IRCT20200730048253N1,Recruitment complete,,"<div class=""section"">
<h3 id=""trial-secondary_id"">Secondary Ids</h3>
<div class=""section-inner"">
<div class=""empty-section"">
		empty	</div>
</div>
</div>"
310,IRCT20091012002582N22,Recruitment complete,,"<div class=""section"">
<h3 id=""trial-secondary_id"">Secondary Ids</h3>
<div class=""section-inner"">
<div class=""empty-section"">
		empty	</div>
</div>
</div>"
311,IRCT20101219005416N3,Recruitment complete,,"<div class=""section"">
<h3 id=""trial-secondary_id"">Secondary Ids</h3>
<div class=""section-inner"">
<div class=""empty-section"">
		empty	</div>
</div>
</div>"
312,IRCT20200806048318N1,Recruitment complete,,"<div class=""section"">
<h3 id=""trial-secondary_id"">Secondary Ids</h3>
<div class=""section-inner"">
<div class=""empty-section"">
		empty	</div>
</div>
</div>"
313,IRCT20200506047323N5,recruiting,,"<div class=""section"">
<h3 id=""trial-secondary_id"">Secondary Ids</h3>
<div class=""section-inner"">
<div class=""empty-section"">
		empty	</div>
</div>
</div>"
314,IRCT20090701002113N2,Recruitment complete,,"<div class=""section"">
<h3 id=""trial-secondary_id"">Secondary Ids</h3>
<div class=""section-inner"">
<div class=""empty-section"">
		empty	</div>
</div>
</div>"
315,IRCT20180922041089N4,Recruitment complete,,"<div class=""section"">
<h3 id=""trial-secondary_id"">Secondary Ids</h3>
<div class=""section-inner"">
<div class=""empty-section"">
		empty	</div>
</div>
</div>"
316,IRCT20161108030776N3,Recruitment complete,,"<div class=""section"">
<h3 id=""trial-secondary_id"">Secondary Ids</h3>
<div class=""section-inner"">
<div class=""empty-section"">
		empty	</div>
</div>
</div>"
317,IRCT20170117032004N3,Recruitment complete,,"<div class=""section"">
<h3 id=""trial-secondary_id"">Secondary Ids</h3>
<div class=""section-inner"">
<div class=""empty-section"">
		empty	</div>
</div>
</div>"
318,IRCT20200318046812N1,Recruitment complete,20/08/2020,"<div class=""section"">
<h3 id=""trial-secondary_id"">Secondary Ids</h3>
<div class=""section-inner"">
<div class=""empty-section"">
		empty	</div>
</div>
</div>"
319,IRCT20190810044500N7,recruiting,,"<div class=""section"">
<h3 id=""trial-secondary_id"">Secondary Ids</h3>
<div class=""section-inner"">
<div class=""empty-section"">
		empty	</div>
</div>
</div>"
320,IRCT20151228025732N51,Recruitment complete,,"<div class=""section"">
<h3 id=""trial-secondary_id"">Secondary Ids</h3>
<div class=""section-inner"">
<div class=""empty-section"">
		empty	</div>
</div>
</div>"
321,IRCT20190717044241N2,Recruitment complete,,"<div class=""section"">
<h3 id=""trial-secondary_id"">Secondary Ids</h3>
<div class=""section-inner"">
<div class=""empty-section"">
		empty	</div>
</div>
</div>"
322,IRCT20081019001369N7,recruiting,,"<div class=""section"">
<h3 id=""trial-secondary_id"">Secondary Ids</h3>
<div class=""section-inner"">
<div class=""empty-section"">
		empty	</div>
</div>
</div>"
323,IRCT20200504047295N1,Recruitment complete,,"<div class=""section"">
<h3 id=""trial-secondary_id"">Secondary Ids</h3>
<div class=""section-inner"">
<div class=""empty-section"">
		empty	</div>
</div>
</div>"
324,IRCT20160118026097N4,Recruitment complete,,"<div class=""section"">
<h3 id=""trial-secondary_id"">Secondary Ids</h3>
<div class=""section-inner"">
<div class=""empty-section"">
		empty	</div>
</div>
</div>"
325,IRCT20160118026097N5,Recruitment complete,,"<div class=""section"">
<h3 id=""trial-secondary_id"">Secondary Ids</h3>
<div class=""section-inner"">
<div class=""empty-section"">
		empty	</div>
</div>
</div>"
326,IRCT20190226042851N1,Recruitment complete,,"<div class=""section"">
<h3 id=""trial-secondary_id"">Secondary Ids</h3>
<div class=""section-inner"">
<div class=""empty-section"">
		empty	</div>
</div>
</div>"
327,IRCT20180624040213N2,recruiting,,"<div class=""section"">
<h3 id=""trial-secondary_id"">Secondary Ids</h3>
<div class=""section-inner"">
<div class=""empty-section"">
		empty	</div>
</div>
</div>"
328,IRCT20200504047298N3,Recruitment complete,,"<div class=""section"">
<h3 id=""trial-secondary_id"">Secondary Ids</h3>
<div class=""section-inner"">
<div class=""empty-section"">
		empty	</div>
</div>
</div>"
329,IRCT20191228045924N1,Recruitment complete,,"<div class=""section"">
<h3 id=""trial-secondary_id"">Secondary Ids</h3>
<div class=""section-inner"">
<div class=""subsection"">
<h4 class=""subsection-label"">1</h4>
<dl class=""dl-horizontal dl-subsection"">
<dt class="""">
				Registry name			</dt>
<dd class=""field"">
				www.clinicaltrial.gov			</dd>
<dt class="""">
				Secondary trial Id			</dt>
<dd class=""field"">
				NCT04370288			</dd>
<dt class="""">
				Registration date			</dt>
<dd class=""field"">
				2020-04-30, 1399/02/11
			</dd>
</dl>
</div>
</div>
</div>"
330,IRCT20200727048217N1,recruiting,,"<div class=""section"">
<h3 id=""trial-secondary_id"">Secondary Ids</h3>
<div class=""section-inner"">
<div class=""empty-section"">
		empty	</div>
</div>
</div>"
331,IRCT20200802048266N1,recruiting,,"<div class=""section"">
<h3 id=""trial-secondary_id"">Secondary Ids</h3>
<div class=""section-inner"">
<div class=""empty-section"">
		empty	</div>
</div>
</div>"
332,IRCT20131112015390N5,Recruitment complete,10/08/2020,"<div class=""section"">
<h3 id=""trial-secondary_id"">Secondary Ids</h3>
<div class=""section-inner"">
<div class=""empty-section"">
		empty	</div>
</div>
</div>"
333,IRCT20200317046797N7,Recruitment complete,,"<div class=""section"">
<h3 id=""trial-secondary_id"">Secondary Ids</h3>
<div class=""section-inner"">
<div class=""empty-section"">
		empty	</div>
</div>
</div>"
334,IRCT20200831048568N1,Recruitment complete,,"<div class=""section"">
<h3 id=""trial-secondary_id"">Secondary Ids</h3>
<div class=""section-inner"">
<div class=""empty-section"">
		empty	</div>
</div>
</div>"
335,IRCT20181203041832N1,Recruitment complete,,"<div class=""section"">
<h3 id=""trial-secondary_id"">Secondary Ids</h3>
<div class=""section-inner"">
<div class=""empty-section"">
		empty	</div>
</div>
</div>"
336,IRCT20200902048598N1,Recruitment complete,,"<div class=""section"">
<h3 id=""trial-secondary_id"">Secondary Ids</h3>
<div class=""section-inner"">
<div class=""empty-section"">
		empty	</div>
</div>
</div>"
337,IRCT20140911019125N8,recruiting,,"<div class=""section"">
<h3 id=""trial-secondary_id"">Secondary Ids</h3>
<div class=""section-inner"">
<div class=""empty-section"">
		empty	</div>
</div>
</div>"
338,IRCT20200913048701N1,Recruitment complete,,"<div class=""section"">
<h3 id=""trial-secondary_id"">Secondary Ids</h3>
<div class=""section-inner"">
<div class=""empty-section"">
		empty	</div>
</div>
</div>"
339,IRCT20200907048644N1,recruiting,,"<div class=""section"">
<h3 id=""trial-secondary_id"">Secondary Ids</h3>
<div class=""section-inner"">
<div class=""empty-section"">
		empty	</div>
</div>
</div>"
340,IRCT20200913048708N1,recruiting,,"<div class=""section"">
<h3 id=""trial-secondary_id"">Secondary Ids</h3>
<div class=""section-inner"">
<div class=""empty-section"">
		empty	</div>
</div>
</div>"
341,IRCT20131115015405N4,Recruitment complete,,"<div class=""section"">
<h3 id=""trial-secondary_id"">Secondary Ids</h3>
<div class=""section-inner"">
<div class=""empty-section"">
		empty	</div>
</div>
</div>"
342,IRCT20131125015536N13,Recruitment complete,,"<div class=""section"">
<h3 id=""trial-secondary_id"">Secondary Ids</h3>
<div class=""section-inner"">
<div class=""empty-section"">
		empty	</div>
</div>
</div>"
343,IRCT20201001048893N1,Recruitment complete,14/05/2020,"<div class=""section"">
<h3 id=""trial-secondary_id"">Secondary Ids</h3>
<div class=""section-inner"">
<div class=""empty-section"">
		empty	</div>
</div>
</div>"
344,IRCT20100623004251N13,Recruitment complete,,"<div class=""section"">
<h3 id=""trial-secondary_id"">Secondary Ids</h3>
<div class=""section-inner"">
<div class=""empty-section"">
		empty	</div>
</div>
</div>"
345,IRCT20200324046850N5,Recruitment complete,,"<div class=""section"">
<h3 id=""trial-secondary_id"">Secondary Ids</h3>
<div class=""section-inner"">
<div class=""empty-section"">
		empty	</div>
</div>
</div>"
346,IRCT20200414047072N1,recruiting,,"<div class=""section"">
<h3 id=""trial-secondary_id"">Secondary Ids</h3>
<div class=""section-inner"">
<div class=""empty-section"">
		empty	</div>
</div>
</div>"
347,IRCT20080901001165N59,Recruitment complete,27/09/2020,"<div class=""section"">
<h3 id=""trial-secondary_id"">Secondary Ids</h3>
<div class=""section-inner"">
<div class=""empty-section"">
		empty	</div>
</div>
</div>"
348,IRCT20200328046885N1,Recruitment complete,,"<div class=""section"">
<h3 id=""trial-secondary_id"">Secondary Ids</h3>
<div class=""section-inner"">
<div class=""empty-section"">
		empty	</div>
</div>
</div>"
349,IRCT20170731035423N2,recruiting,,"<div class=""section"">
<h3 id=""trial-secondary_id"">Secondary Ids</h3>
<div class=""section-inner"">
<div class=""empty-section"">
		empty	</div>
</div>
</div>"
350,IRCT20200531047619N1,recruiting,,"<div class=""section"">
<h3 id=""trial-secondary_id"">Secondary Ids</h3>
<div class=""section-inner"">
<div class=""empty-section"">
		empty	</div>
</div>
</div>"
351,IRCT20200516047462N2,Recruitment complete,,"<div class=""section"">
<h3 id=""trial-secondary_id"">Secondary Ids</h3>
<div class=""section-inner"">
<div class=""empty-section"">
		empty	</div>
</div>
</div>"
352,IRCT20200802048267N1,recruiting,,"<div class=""section"">
<h3 id=""trial-secondary_id"">Secondary Ids</h3>
<div class=""section-inner"">
<div class=""empty-section"">
		empty	</div>
</div>
</div>"
353,IRCT20200816048422N1,Recruitment complete,,"<div class=""section"">
<h3 id=""trial-secondary_id"">Secondary Ids</h3>
<div class=""section-inner"">
<div class=""empty-section"">
		empty	</div>
</div>
</div>"
354,IRCT20150808023559N23,Recruitment complete,,"<div class=""section"">
<h3 id=""trial-secondary_id"">Secondary Ids</h3>
<div class=""section-inner"">
<div class=""empty-section"">
		empty	</div>
</div>
</div>"
355,IRCT20200825048514N1,Recruitment complete,,"<div class=""section"">
<h3 id=""trial-secondary_id"">Secondary Ids</h3>
<div class=""section-inner"">
<div class=""empty-section"">
		empty	</div>
</div>
</div>"
356,IRCT20200328046886N2,Recruitment complete,,"<div class=""section"">
<h3 id=""trial-secondary_id"">Secondary Ids</h3>
<div class=""section-inner"">
<div class=""empty-section"">
		empty	</div>
</div>
</div>"
357,IRCT20080901001165N63,Recruitment complete,,"<div class=""section"">
<h3 id=""trial-secondary_id"">Secondary Ids</h3>
<div class=""section-inner"">
<div class=""empty-section"">
		empty	</div>
</div>
</div>"
358,IRCT20100228003449N31,recruiting,,"<div class=""section"">
<h3 id=""trial-secondary_id"">Secondary Ids</h3>
<div class=""section-inner"">
<div class=""empty-section"">
		empty	</div>
</div>
</div>"
359,IRCT20200923048815N1,recruiting,,"<div class=""section"">
<h3 id=""trial-secondary_id"">Secondary Ids</h3>
<div class=""section-inner"">
<div class=""empty-section"">
		empty	</div>
</div>
</div>"
360,IRCT20200922048804N1,Recruitment complete,,"<div class=""section"">
<h3 id=""trial-secondary_id"">Secondary Ids</h3>
<div class=""section-inner"">
<div class=""empty-section"">
		empty	</div>
</div>
</div>"
361,IRCT20200404046937N5,Recruitment complete,,"<div class=""section"">
<h3 id=""trial-secondary_id"">Secondary Ids</h3>
<div class=""section-inner"">
<div class=""empty-section"">
		empty	</div>
</div>
</div>"
362,IRCT20200928048867N1,Recruitment complete,,"<div class=""section"">
<h3 id=""trial-secondary_id"">Secondary Ids</h3>
<div class=""section-inner"">
<div class=""empty-section"">
		empty	</div>
</div>
</div>"
363,IRCT20201003048904N1,Recruitment complete,,"<div class=""section"">
<h3 id=""trial-secondary_id"">Secondary Ids</h3>
<div class=""section-inner"">
<div class=""empty-section"">
		empty	</div>
</div>
</div>"
364,IRCT20201003048905N1,Recruitment complete,31/07/2020,"<div class=""section"">
<h3 id=""trial-secondary_id"">Secondary Ids</h3>
<div class=""section-inner"">
<div class=""empty-section"">
		empty	</div>
</div>
</div>"
365,IRCT20201004048922N1,recruiting,,"<div class=""section"">
<h3 id=""trial-secondary_id"">Secondary Ids</h3>
<div class=""section-inner"">
<div class=""empty-section"">
		empty	</div>
</div>
</div>"
366,IRCT20201005048936N1,Recruitment complete,,"<div class=""section"">
<h3 id=""trial-secondary_id"">Secondary Ids</h3>
<div class=""section-inner"">
<div class=""empty-section"">
		empty	</div>
</div>
</div>"
367,IRCT20181208041886N1,recruiting,,"<div class=""section"">
<h3 id=""trial-secondary_id"">Secondary Ids</h3>
<div class=""section-inner"">
<div class=""empty-section"">
		empty	</div>
</div>
</div>"
368,IRCT20200128046294N3,Recruitment complete,,"<div class=""section"">
<h3 id=""trial-secondary_id"">Secondary Ids</h3>
<div class=""section-inner"">
<div class=""empty-section"">
		empty	</div>
</div>
</div>"
369,IRCT20200930048892N1,recruiting,,"<div class=""section"">
<h3 id=""trial-secondary_id"">Secondary Ids</h3>
<div class=""section-inner"">
<div class=""empty-section"">
		empty	</div>
</div>
</div>"
370,IRCT20160131026298N2,Recruitment complete,24/03/2020,"<div class=""section"">
<h3 id=""trial-secondary_id"">Secondary Ids</h3>
<div class=""section-inner"">
<div class=""empty-section"">
		empty	</div>
</div>
</div>"
371,IRCT20160131026298N3,Recruitment complete,,"<div class=""section"">
<h3 id=""trial-secondary_id"">Secondary Ids</h3>
<div class=""section-inner"">
<div class=""empty-section"">
		empty	</div>
</div>
</div>"
372,IRCT20200415047080N2,Recruitment complete,,"<div class=""section"">
<h3 id=""trial-secondary_id"">Secondary Ids</h3>
<div class=""section-inner"">
<div class=""empty-section"">
		empty	</div>
</div>
</div>"
373,IRCT20140312016968N2,Recruitment complete,,"<div class=""section"">
<h3 id=""trial-secondary_id"">Secondary Ids</h3>
<div class=""section-inner"">
<div class=""empty-section"">
		empty	</div>
</div>
</div>"
374,IRCT20121216011763N46,recruiting,,"<div class=""section"">
<h3 id=""trial-secondary_id"">Secondary Ids</h3>
<div class=""section-inner"">
<div class=""empty-section"">
		empty	</div>
</div>
</div>"
375,IRCT20200415047080N1,recruiting,,"<div class=""section"">
<h3 id=""trial-secondary_id"">Secondary Ids</h3>
<div class=""section-inner"">
<div class=""empty-section"">
		empty	</div>
</div>
</div>"
376,IRCT20200608047686N2,recruiting,,"<div class=""section"">
<h3 id=""trial-secondary_id"">Secondary Ids</h3>
<div class=""section-inner"">
<div class=""empty-section"">
		empty	</div>
</div>
</div>"
377,IRCT20151227025726N24,Recruitment complete,,"<div class=""section"">
<h3 id=""trial-secondary_id"">Secondary Ids</h3>
<div class=""section-inner"">
<div class=""empty-section"">
		empty	</div>
</div>
</div>"
378,IRCT20200624047908N1,Recruitment complete,,"<div class=""section"">
<h3 id=""trial-secondary_id"">Secondary Ids</h3>
<div class=""section-inner"">
<div class=""empty-section"">
		empty	</div>
</div>
</div>"
379,IRCT20150623022884N3,Recruitment complete,14/06/2020,"<div class=""section"">
<h3 id=""trial-secondary_id"">Secondary Ids</h3>
<div class=""section-inner"">
<div class=""subsection"">
<h4 class=""subsection-label"">1</h4>
<dl class=""dl-horizontal dl-subsection"">
<dt class="""">
				Registry name			</dt>
<dd class=""field"">
				ClinicalTrials.gov			</dd>
<dt class="""">
				Secondary trial Id			</dt>
<dd class=""field"">
				NCT04392141			</dd>
<dt class="""">
				Registration date			</dt>
<dd class=""field"">
				2020-05-18, 1399/02/29
			</dd>
</dl>
</div>
</div>
</div>"
380,IRCT20130428013151N2,Recruitment complete,,"<div class=""section"">
<h3 id=""trial-secondary_id"">Secondary Ids</h3>
<div class=""section-inner"">
<div class=""empty-section"">
		empty	</div>
</div>
</div>"
381,IRCT20200506047323N6,recruiting,,"<div class=""section"">
<h3 id=""trial-secondary_id"">Secondary Ids</h3>
<div class=""section-inner"">
<div class=""empty-section"">
		empty	</div>
</div>
</div>"
382,IRCT20180103038199N3,recruiting,,"<div class=""section"">
<h3 id=""trial-secondary_id"">Secondary Ids</h3>
<div class=""section-inner"">
<div class=""empty-section"">
		empty	</div>
</div>
</div>"
383,IRCT20191211045691N1,recruiting,,"<div class=""section"">
<h3 id=""trial-secondary_id"">Secondary Ids</h3>
<div class=""section-inner"">
<div class=""empty-section"">
		empty	</div>
</div>
</div>"
384,IRCT20160131026298N5,recruiting,,"<div class=""section"">
<h3 id=""trial-secondary_id"">Secondary Ids</h3>
<div class=""section-inner"">
<div class=""empty-section"">
		empty	</div>
</div>
</div>"
385,IRCT20200731048257N1,recruiting,,"<div class=""section"">
<h3 id=""trial-secondary_id"">Secondary Ids</h3>
<div class=""section-inner"">
<div class=""subsection"">
<h4 class=""subsection-label"">1</h4>
<dl class=""dl-horizontal dl-subsection"">
<dt class="""">
				Registry name			</dt>
<dd class=""field"">
				       			</dd>
<dt class="""">
				Secondary trial Id			</dt>
<dd class=""field"">
				NCT04463420			</dd>
<dt class="""">
				Registration date			</dt>
<dd class=""field"">
				2020-08-07, 1399/05/17
			</dd>
</dl>
</div>
</div>
</div>"
386,IRCT20160131026298N6,recruiting,,"<div class=""section"">
<h3 id=""trial-secondary_id"">Secondary Ids</h3>
<div class=""section-inner"">
<div class=""empty-section"">
		empty	</div>
</div>
</div>"
387,IRCT20160919029870N3,Recruitment complete,20/06/2020,"<div class=""section"">
<h3 id=""trial-secondary_id"">Secondary Ids</h3>
<div class=""section-inner"">
<div class=""empty-section"">
		empty	</div>
</div>
</div>"
388,IRCT20200711048077N1,recruiting,,"<div class=""section"">
<h3 id=""trial-secondary_id"">Secondary Ids</h3>
<div class=""section-inner"">
<div class=""empty-section"">
		empty	</div>
</div>
</div>"
389,IRCT20200818048444N1,Recruitment complete,,"<div class=""section"">
<h3 id=""trial-secondary_id"">Secondary Ids</h3>
<div class=""section-inner"">
<div class=""empty-section"">
		empty	</div>
</div>
</div>"
390,IRCT20200408046987N2,Recruitment complete,,"<div class=""section"">
<h3 id=""trial-secondary_id"">Secondary Ids</h3>
<div class=""section-inner"">
<div class=""empty-section"">
		empty	</div>
</div>
</div>"
391,IRCT20200921048786N1,Recruitment complete,,"<div class=""section"">
<h3 id=""trial-secondary_id"">Secondary Ids</h3>
<div class=""section-inner"">
<div class=""empty-section"">
		empty	</div>
</div>
</div>"
392,IRCT20200921048794N1,recruiting,,"<div class=""section"">
<h3 id=""trial-secondary_id"">Secondary Ids</h3>
<div class=""section-inner"">
<div class=""empty-section"">
		empty	</div>
</div>
</div>"
393,IRCT20151227025726N23,Recruitment complete,,"<div class=""section"">
<h3 id=""trial-secondary_id"">Secondary Ids</h3>
<div class=""section-inner"">
<div class=""empty-section"">
		empty	</div>
</div>
</div>"
394,IRCT20181030041504N1,Recruitment complete,,"<div class=""section"">
<h3 id=""trial-secondary_id"">Secondary Ids</h3>
<div class=""section-inner"">
<div class=""empty-section"">
		empty	</div>
</div>
</div>"
395,IRCT20200428047229N3,Recruitment complete,,"<div class=""section"">
<h3 id=""trial-secondary_id"">Secondary Ids</h3>
<div class=""section-inner"">
<div class=""empty-section"">
		empty	</div>
</div>
</div>"
396,IRCT20201012049010N1,Recruitment complete,30/10/2020,"<div class=""section"">
<h3 id=""trial-secondary_id"">Secondary Ids</h3>
<div class=""section-inner"">
<div class=""empty-section"">
		empty	</div>
</div>
</div>"
397,IRCT20200426047206N4,Recruitment complete,,"<div class=""section"">
<h3 id=""trial-secondary_id"">Secondary Ids</h3>
<div class=""section-inner"">
<div class=""empty-section"">
		empty	</div>
</div>
</div>"
398,IRCT20150825023753N17,Recruitment complete,20/07/2020,"<div class=""section"">
<h3 id=""trial-secondary_id"">Secondary Ids</h3>
<div class=""section-inner"">
<div class=""empty-section"">
		empty	</div>
</div>
</div>"
399,IRCT20201015049030N1,Recruitment complete,,"<div class=""section"">
<h3 id=""trial-secondary_id"">Secondary Ids</h3>
<div class=""section-inner"">
<div class=""empty-section"">
		empty	</div>
</div>
</div>"
400,IRCT20201020049088N1,recruiting,,"<div class=""section"">
<h3 id=""trial-secondary_id"">Secondary Ids</h3>
<div class=""section-inner"">
<div class=""empty-section"">
		empty	</div>
</div>
</div>"
401,IRCT20201016049048N1,recruiting,,"<div class=""section"">
<h3 id=""trial-secondary_id"">Secondary Ids</h3>
<div class=""section-inner"">
<div class=""empty-section"">
		empty	</div>
</div>
</div>"
402,IRCT20201015049036N1,Recruitment complete,16/11/2020,"<div class=""section"">
<h3 id=""trial-secondary_id"">Secondary Ids</h3>
<div class=""section-inner"">
<div class=""empty-section"">
		empty	</div>
</div>
</div>"
403,IRCT20181208041886N2,recruiting,,"<div class=""section"">
<h3 id=""trial-secondary_id"">Secondary Ids</h3>
<div class=""section-inner"">
<div class=""empty-section"">
		empty	</div>
</div>
</div>"
404,IRCT20200720048139N1,recruiting,,"<div class=""section"">
<h3 id=""trial-secondary_id"">Secondary Ids</h3>
<div class=""section-inner"">
<div class=""empty-section"">
		empty	</div>
</div>
</div>"
405,IRCT20200404046936N4,recruiting,,"<div class=""section"">
<h3 id=""trial-secondary_id"">Secondary Ids</h3>
<div class=""section-inner"">
<div class=""empty-section"">
		empty	</div>
</div>
</div>"
406,IRCT20201024049134N1,Recruitment complete,,"<div class=""section"">
<h3 id=""trial-secondary_id"">Secondary Ids</h3>
<div class=""section-inner"">
<div class=""empty-section"">
		empty	</div>
</div>
</div>"
407,IRCT20200927048848N2,Recruitment complete,,"<div class=""section"">
<h3 id=""trial-secondary_id"">Secondary Ids</h3>
<div class=""section-inner"">
<div class=""empty-section"">
		empty	</div>
</div>
</div>"
408,IRCT20170809035597N2,Recruitment complete,,"<div class=""section"">
<h3 id=""trial-secondary_id"">Secondary Ids</h3>
<div class=""section-inner"">
<div class=""empty-section"">
		empty	</div>
</div>
</div>"
409,IRCT20191211045691N2,Recruitment complete,,"<div class=""section"">
<h3 id=""trial-secondary_id"">Secondary Ids</h3>
<div class=""section-inner"">
<div class=""empty-section"">
		empty	</div>
</div>
</div>"
410,IRCT20190713044192N2,recruiting,,"<div class=""section"">
<h3 id=""trial-secondary_id"">Secondary Ids</h3>
<div class=""section-inner"">
<div class=""empty-section"">
		empty	</div>
</div>
</div>"
411,IRCT20170315033086N7,recruiting,,"<div class=""section"">
<h3 id=""trial-secondary_id"">Secondary Ids</h3>
<div class=""section-inner"">
<div class=""empty-section"">
		empty	</div>
</div>
</div>"
412,IRCT20190804044429N4,Recruitment complete,,"<div class=""section"">
<h3 id=""trial-secondary_id"">Secondary Ids</h3>
<div class=""section-inner"">
<div class=""empty-section"">
		empty	</div>
</div>
</div>"